artist,genre,city,country,venue_type,capacity,month,event_day,days_until_event,marketing_budget,ticket_price,artist_popularity,previous_attendance_rate,pre_sale_interest,artist_market_score,is_weekend,marketing_per_capacity,price_per_capacity,popularity_marketing,occupancy_pct,tickets_sold,demand_class
David Guetta,electronica,Los Angeles,Estados Unidos,theater,7078,5,Thursday,2,157082,33262,93,0.82,4197,0.95,0,22.19299237,4.699350099,14608626,0.64,4530,media
Grupo Firme,banda,Bogota,Colombia,club,1791,12,Wednesday,27,51833,1734,90,0.78,1193,0.88,0,28.94081519,0.968174204,4664970,0.54,967,baja
The Weeknd,pop,Queretaro,Mexico,theater,8188,10,Thursday,172,227767,4129,96,0.9,5682,0.82,0,27.81717147,0.504274548,21865632,0.72,5895,media
Peso Pluma,regional_mexicano,Queretaro,Mexico,stadium,38238,11,Friday,76,471399,1679,93,0.58,15550,0.82,1,12.32802448,0.0439092,43840107,0.69,26384,media
Ariana Grande,pop,Guadalajara,Mexico,theater,4786,6,Wednesday,48,73054,3173,95,0.88,2651,0.92,0,15.26410364,0.662975345,6940130,0.59,2824,media
BTS,kpop,Bogota,Colombia,stadium,55027,9,Monday,110,841427,4796,99,0.95,32800,0.88,0,15.29116615,0.087157214,83301273,0.82,45122,alta
Los Tigres del Norte,norteno,Leon,Mexico,club,2928,1,Saturday,13,43574,1900,92,0.74,1051,0.78,1,14.8818306,0.648907104,4008808,0.57,1669,media
Drake,rap,Madrid,España,theater,7114,10,Sunday,25,100998,2159,94,0.86,5382,0.9,0,14.19707619,0.303486084,9493812,0.95,6758,alta
TWICE,kpop,Leon,Mexico,festival,29877,6,Tuesday,107,515451,2819,92,0.84,16578,0.78,0,17.25243498,0.094353516,47421492,0.69,20615,media
The Weeknd,pop,CDMX,Mexico,arena,23246,7,Monday,59,514315,4164,96,0.9,19455,1,0,22.1248817,0.179127592,49374240,0.92,21386,alta
aespa,kpop,Guadalajara,Mexico,stadium,52484,12,Saturday,107,1219156,1728,90,0.7,20055,0.92,1,23.22909839,0.03292432,109724040,0.79,41462,alta
Martin Garrix,electronica,Leon,Mexico,arena,21111,7,Friday,119,472026,1928,92,0.7,11521,0.78,1,22.359244,0.091326796,43426392,0.54,11400,baja
Coldplay,rock,Seul,Desconocido,stadium,79636,4,Wednesday,143,1936406,4081,96,0.7,43865,0.8,0,24.31571149,0.051245668,185894976,0.94,74858,alta
Post Malone,rap,Madrid,España,theater,4609,2,Thursday,58,60861,4362,92,0.7,1992,0.9,0,13.20481666,0.946409199,5599212,0.31,1429,baja
Taylor Swift,pop,Queretaro,Mexico,club,2563,7,Tuesday,94,73857,29909,98,0.7,1055,0.82,0,28.81662115,11.6695279,7237986,0.3,769,baja
Clairo,indie,Queretaro,Mexico,stadium,66829,5,Tuesday,119,1161761,1915,80,0.7,22480,0.82,0,17.38408475,0.028655225,92940880,0.6,40097,media
Karol G,reggaeton,Bogota,Colombia,stadium,48105,1,Sunday,90,1282438,1955,94,0.7,21919,0.88,0,26.65914146,0.040640266,120549172,0.84,40408,alta
TWICE,kpop,Guadalajara,Mexico,festival,40724,6,Tuesday,106,756989,3781,92,0.84,25657,0.92,0,18.58827718,0.092844514,69642988,0.88,35837,alta
Ed Sheeran,pop,Monterrey,Mexico,arena,15607,6,Tuesday,9,185348,2220,94,0.7,7978,0.92,0,11.8759531,0.142243865,17422712,0.66,10301,media
Calvin Harris,electronica,Madrid,España,stadium,65568,7,Monday,11,1639578,1919,94,0.7,30328,0.9,0,25.00576501,0.029267326,154120332,0.84,55077,alta
Martin Garrix,electronica,Guadalajara,Mexico,stadium,55706,12,Thursday,27,1055071,2675,92,0.7,30540,0.92,0,18.93998851,0.048019962,97066532,0.9,50135,alta
Stray Kids,kpop,Seul,Desconocido,arena,20606,4,Friday,37,356855,3119,91,0.7,7485,0.8,1,17.31801417,0.15136368,32473805,0.59,12158,media
Ed Sheeran,pop,Monterrey,Mexico,stadium,44996,1,Monday,176,737965,23769,94,0.7,21286,0.92,0,16.40068006,0.528246955,69368710,0.62,27898,media
Adele,pop,Monterrey,Mexico,festival,72977,3,Friday,49,2080166,32243,95,0.7,36381,0.92,1,28.5044055,0.441824136,197615770,0.86,62760,alta
Dua Lipa,pop,Monterrey,Mexico,club,2753,3,Friday,167,69149,3401,93,0.7,1410,0.92,1,25.11768979,1.235379586,6430857,0.39,1074,baja
Post Malone,rap,Bogota,Colombia,arena,15564,6,Monday,69,447779,38032,92,0.7,8850,0.88,0,28.77017476,2.443587767,41195668,0.49,7626,baja
Fuerza Regida,regional_mexicano,Los Angeles,Estados Unidos,club,1482,10,Wednesday,34,44173,2569,88,0.7,642,0.95,0,29.80634278,1.733468286,3887224,0.31,459,baja
Calvin Harris,electronica,Leon,Mexico,stadium,44665,5,Tuesday,147,581718,38709,94,0.7,20205,0.78,0,13.02402328,0.866651741,54681492,0.67,29926,media
Peso Pluma,regional_mexicano,Queretaro,Mexico,club,2849,2,Saturday,12,67348,1421,93,0.58,1155,0.82,1,23.63917164,0.498771499,6263364,0.43,1225,baja
Ed Sheeran,pop,Seul,Desconocido,arena,19295,8,Monday,98,257374,4230,94,0.7,6814,0.8,0,13.33889609,0.219227779,24193156,0.26,5017,baja
TWICE,kpop,Monterrey,Mexico,theater,7152,1,Tuesday,154,200343,2847,92,0.84,4695,0.92,0,28.01216443,0.39807047,18431556,0.69,4935,media
Travis Scott,rap,Bogota,Colombia,club,2530,4,Wednesday,87,33359,21011,93,0.7,1053,0.88,0,13.18537549,8.304743083,3102387,0.3,759,baja
aespa,kpop,CDMX,Mexico,club,2802,3,Saturday,6,62224,23212,90,0.7,1199,1,1,22.206995,8.284082798,5600160,0.27,757,baja
Kendrick Lamar,rap,Leon,Mexico,arena,21859,11,Saturday,78,302378,31976,95,0.7,12211,0.78,1,13.83311222,1.462829956,28725910,0.53,11585,baja
Bad Bunny,reggaeton,Queretaro,Mexico,arena,14310,11,Monday,164,216538,3510,95,0.7,8463,0.82,0,15.13193571,0.245283019,20571110,0.77,11019,media
aespa,kpop,Queretaro,Mexico,festival,59511,9,Saturday,172,1538448,3699,90,0.7,31167,0.82,1,25.85148964,0.062156576,138460320,0.74,44038,media
TWICE,kpop,Guadalajara,Mexico,stadium,50891,2,Thursday,25,1243202,4150,92,0.84,28478,0.92,0,24.42872021,0.081546835,114374584,0.84,42748,alta
Imagine Dragons,rock,CDMX,Mexico,festival,72296,8,Sunday,35,1494844,4269,94,0.7,33012,1,0,20.67671794,0.05904891,140515336,0.81,58560,alta
aespa,kpop,CDMX,Mexico,club,2777,9,Wednesday,82,30122,2629,90,0.7,1676,1,0,10.84695715,0.946705077,2710980,0.46,1277,baja
Banda MS,banda,CDMX,Mexico,arena,15771,5,Saturday,68,355433,3801,89,0.7,8333,1,1,22.5371251,0.241011984,31633537,0.66,10409,media
Calvin Harris,electronica,Madrid,España,festival,69286,9,Wednesday,159,1513682,2294,94,0.7,28924,0.9,0,21.84686661,0.033109142,142286108,0.81,56122,alta
Ariana Grande,pop,Monterrey,Mexico,club,629,5,Sunday,123,15745,3466,95,0.88,422,0.92,0,25.0317965,5.510333863,1495775,0.67,421,media
Kendrick Lamar,rap,Leon,Mexico,festival,87602,6,Tuesday,107,1803103,1688,95,0.7,30239,0.78,0,20.58289765,0.019268966,171294785,0.8,70082,alta
Martin Garrix,electronica,Queretaro,Mexico,arena,13358,8,Saturday,168,160738,2080,92,0.7,7472,0.82,1,12.03308879,0.155711933,14787896,0.52,6946,baja
Ariana Grande,pop,Queretaro,Mexico,stadium,75016,3,Monday,87,1890084,2129,95,0.88,39415,0.82,0,25.19574491,0.028380612,179557980,0.84,63013,alta
Clairo,indie,Leon,Mexico,stadium,31268,12,Tuesday,91,882607,24960,80,0.7,12949,0.78,0,28.22716515,0.798260202,70608560,0.45,14071,baja
Imagine Dragons,rock,Los Angeles,Estados Unidos,festival,24830,4,Monday,180,635748,1584,94,0.7,12266,0.95,0,25.60402739,0.063793798,59760312,0.63,15643,media
Adele,pop,Bogota,Colombia,theater,3077,10,Tuesday,139,52306,4519,95,0.7,1592,0.88,0,16.99902502,1.468638284,4969070,0.41,1262,baja
Peso Pluma,regional_mexicano,Monterrey,Mexico,club,2305,5,Thursday,71,36915,2220,93,0.58,1025,0.92,0,16.01518438,0.963123644,3433095,0.41,945,baja
Martin Garrix,electronica,CDMX,Mexico,festival,44883,11,Sunday,56,636820,1532,92,0.7,21192,1,0,14.18844551,0.034133191,58587440,0.6,26930,media
Ed Sheeran,pop,Bogota,Colombia,arena,18461,9,Thursday,49,413536,4219,94,0.7,11612,0.88,0,22.40052002,0.228535832,38872384,0.77,14215,media
Fuerza Regida,regional_mexicano,CDMX,Mexico,club,2718,12,Sunday,169,76919,3906,88,0.7,1672,1,0,28.29985283,1.437086093,6768872,0.48,1305,baja
Girl Ultra,indie,Los Angeles,Estados Unidos,club,2748,4,Wednesday,115,45036,3719,78,0.7,1529,0.95,0,16.38864629,1.353347889,3512808,0.53,1456,baja
Coldplay,rock,Madrid,España,festival,29982,11,Friday,74,580146,4534,96,0.7,19088,0.9,1,19.34980989,0.151224068,55694016,0.95,28483,alta
Los Tigres del Norte,norteno,Bogota,Colombia,festival,97035,7,Wednesday,14,1454906,3795,92,0.74,53428,0.88,0,14.99362086,0.0391096,133851352,0.9,87332,alta
Post Malone,rap,Leon,Mexico,arena,17045,10,Tuesday,69,361352,4567,92,0.7,9117,0.78,0,21.19988266,0.267937812,33244384,0.76,12954,media
Dua Lipa,pop,Madrid,España,stadium,78351,7,Wednesday,150,903667,2991,93,0.7,31667,0.9,0,11.53357328,0.038174369,84041031,0.81,63464,alta
Natanael Cano,corridos,Seul,Desconocido,festival,37134,5,Thursday,59,998680,3016,87,0.7,13355,0.8,0,26.89395163,0.081219368,86885160,0.6,22280,media
Coldplay,rock,Leon,Mexico,stadium,43264,12,Thursday,98,953638,1809,96,0.7,15202,0.78,0,22.04229845,0.041813055,91549248,0.57,24660,media
BLACKPINK,kpop,Queretaro,Mexico,theater,6229,12,Saturday,111,173854,3957,98,0.7,2791,0.82,1,27.91041901,0.635254455,17037692,0.63,3924,media
Travis Scott,rap,CDMX,Mexico,arena,22601,1,Saturday,62,398285,3948,93,0.7,12137,1,1,17.62245033,0.174682536,37040505,0.65,14691,media
Banda MS,banda,Los Angeles,Estados Unidos,stadium,47287,2,Monday,65,691108,2520,89,0.7,21609,0.95,0,14.61517965,0.053291602,61508612,0.62,29318,media
Travis Scott,rap,Madrid,España,arena,17392,10,Wednesday,134,513824,1448,93,0.7,10424,0.9,0,29.54369825,0.08325667,47785632,0.74,12870,media
The Weeknd,pop,Seul,Desconocido,festival,70189,10,Friday,19,1579084,3973,96,0.9,39323,0.8,1,22.49759934,0.056604311,151592064,0.85,59661,alta
TWICE,kpop,Bogota,Colombia,stadium,56833,1,Sunday,117,742203,1845,92,0.84,30009,0.88,0,13.05936692,0.032463534,68282676,0.84,47740,alta
Peso Pluma,regional_mexicano,Seul,Desconocido,club,739,5,Saturday,129,19427,3563,93,0.58,285,0.8,1,26.28822733,4.821380244,1806711,0.41,303,baja
Taylor Swift,pop,Seul,Desconocido,club,871,4,Sunday,82,16441,2023,98,0.7,341,0.8,0,18.87600459,2.322617681,1611218,0.29,253,baja
NewJeans,kpop,Leon,Mexico,club,2106,5,Saturday,25,32669,3060,93,0.7,1081,0.78,1,15.51234568,1.452991453,3038217,0.49,1032,baja
Peso Pluma,regional_mexicano,Los Angeles,Estados Unidos,club,1881,5,Tuesday,127,47653,1473,93,0.58,659,0.95,0,25.33386497,0.783094099,4431729,0.27,508,baja
Peso Pluma,regional_mexicano,CDMX,Mexico,arena,23834,1,Friday,34,420464,2385,93,0.58,14066,1,1,17.64135269,0.100067131,39103152,0.78,18591,media
Banda MS,banda,Leon,Mexico,theater,7316,11,Tuesday,158,143395,4059,89,0.7,3546,0.78,0,19.60019136,0.554811372,12762155,0.48,3512,baja
Stray Kids,kpop,Bogota,Colombia,arena,11385,7,Sunday,170,284677,21261,91,0.7,4719,0.88,0,25.00456741,1.867457181,25905607,0.6,6831,media
BTS,kpop,Bogota,Colombia,club,1107,8,Sunday,77,27338,4217,99,0.95,598,0.88,0,24.69557362,3.809394761,2706462,0.79,875,alta
Fuerza Regida,regional_mexicano,Madrid,España,arena,17093,1,Tuesday,64,255738,2267,88,0.7,9637,0.9,0,14.96156321,0.132627391,22504944,0.74,12649,media
Martin Garrix,electronica,Bogota,Colombia,stadium,78818,3,Friday,155,1111366,1949,92,0.7,43242,0.88,1,14.10040854,0.024727854,102245672,0.92,72513,alta
Coldplay,rock,Los Angeles,Estados Unidos,stadium,67064,3,Friday,37,1504548,4225,96,0.7,41874,0.95,1,22.43451032,0.062999523,144436608,0.92,61699,alta
BLACKPINK,kpop,Seul,Desconocido,club,2842,9,Tuesday,18,55581,2356,98,0.7,1555,0.8,0,19.55700211,0.828993666,5446938,0.48,1364,baja
Stray Kids,kpop,Seul,Desconocido,festival,60471,12,Thursday,58,1615236,1502,91,0.7,21057,0.8,0,26.71091928,0.024838352,146986476,0.8,48377,alta
Clairo,indie,Los Angeles,Estados Unidos,festival,28202,11,Tuesday,70,611196,3830,80,0.7,12172,0.95,0,21.67207999,0.135805971,48895680,0.36,10153,baja
Taylor Swift,pop,Queretaro,Mexico,arena,12067,3,Tuesday,52,328731,2146,98,0.7,4766,0.82,0,27.24214801,0.177840391,32215638,0.28,3379,baja
Clairo,indie,Leon,Mexico,arena,17713,7,Thursday,168,413209,1301,80,0.7,8034,0.78,0,23.32800768,0.073448879,33056720,0.51,9034,baja
Banda MS,banda,Guadalajara,Mexico,stadium,32754,2,Wednesday,10,417347,3051,89,0.7,17468,0.92,0,12.74186359,0.093148928,37143883,0.7,22928,media
David Guetta,electronica,Guadalajara,Mexico,theater,5750,10,Saturday,177,113154,2283,93,0.82,3223,0.92,1,19.67895652,0.397043478,10523322,0.63,3622,media
Siddhartha,indie,Los Angeles,Estados Unidos,club,2683,3,Tuesday,30,40052,37645,85,0.7,1029,0.95,0,14.9280656,14.03093552,3404420,0.27,724,baja
The Weeknd,pop,Queretaro,Mexico,festival,43629,3,Sunday,125,1195176,4352,96,0.9,24417,0.82,0,27.39407275,0.099750166,114736896,0.85,37085,alta
Karol G,reggaeton,Monterrey,Mexico,arena,19286,11,Thursday,173,487066,2007,94,0.7,9297,0.92,0,25.25489993,0.104065125,45784204,0.63,12150,media
Bad Bunny,reggaeton,Los Angeles,Estados Unidos,festival,65208,4,Thursday,156,1443437,2446,95,0.7,40302,0.95,0,22.13588823,0.037510735,137126515,0.92,59991,alta
Ariana Grande,pop,Queretaro,Mexico,theater,3264,4,Thursday,62,83358,3308,95,0.88,2096,0.82,0,25.53860294,1.013480392,7919010,0.7,2285,media
aespa,kpop,Seul,Desconocido,stadium,60077,5,Wednesday,74,837374,3473,90,0.7,31770,0.8,0,13.93834579,0.057809145,75363660,0.76,45659,media
Kendrick Lamar,rap,Bogota,Colombia,stadium,49644,3,Wednesday,50,1155703,1516,95,0.7,25057,0.88,0,23.27981226,0.030537426,109791785,0.87,43190,alta
Clairo,indie,Monterrey,Mexico,festival,72637,1,Sunday,41,2092144,3593,80,0.7,26339,0.92,0,28.80273139,0.049465149,167371520,0.81,58836,alta
Cuco,indie,Queretaro,Mexico,stadium,73668,11,Thursday,42,864053,22692,82,0.7,33667,0.82,0,11.72901395,0.308030624,70852346,0.72,53041,media
BLACKPINK,kpop,Monterrey,Mexico,festival,21704,12,Saturday,164,584446,3451,98,0.7,13593,0.92,1,26.9280317,0.159002949,57275708,0.73,15844,media
Natanael Cano,corridos,Leon,Mexico,arena,16293,7,Wednesday,93,392052,24785,87,0.7,6985,0.78,0,24.06260357,1.521205426,34108524,0.42,6843,baja
Calvin Harris,electronica,Leon,Mexico,theater,6235,4,Tuesday,59,119510,3456,94,0.7,3190,0.78,0,19.16760225,0.554290297,11233940,0.48,2993,baja
Peso Pluma,regional_mexicano,Bogota,Colombia,theater,8214,8,Sunday,176,210177,4489,93,0.58,3401,0.88,0,25.58765522,0.546505965,19546461,0.4,3286,baja
Adele,pop,Bogota,Colombia,club,1219,8,Tuesday,113,25359,3490,95,0.7,631,0.88,0,20.80311731,2.863002461,2409105,0.41,500,baja
Martin Garrix,electronica,CDMX,Mexico,club,1490,6,Monday,49,24975,33045,92,0.7,808,1,0,16.76174497,22.17785235,2297700,0.38,566,baja
David Guetta,electronica,Monterrey,Mexico,arena,16951,2,Wednesday,32,395125,3296,93,0.82,7866,0.92,0,23.30983423,0.194442806,36746625,0.57,9662,media
Imagine Dragons,rock,Leon,Mexico,stadium,71630,1,Monday,152,958339,3606,94,0.7,25681,0.78,0,13.37901717,0.050342035,90083866,0.58,41545,media
Bad Bunny,reggaeton,Bogota,Colombia,festival,83819,3,Saturday,33,1712072,2528,95,0.7,32577,0.88,1,20.42582231,0.030160226,162646840,0.8,67055,alta
Martin Garrix,electronica,Guadalajara,Mexico,stadium,34712,2,Sunday,10,375040,35002,92,0.7,19258,0.92,0,10.8043328,1.00835446,34503680,0.7,24298,media
Imagine Dragons,rock,Seul,Desconocido,festival,25336,2,Sunday,1,642325,2932,94,0.7,10556,0.8,0,25.35226555,0.115724661,60378550,0.63,15962,media
David Guetta,electronica,Queretaro,Mexico,theater,5456,3,Thursday,172,71177,36854,93,0.82,2998,0.82,0,13.04563783,6.754765396,6619461,0.4,2182,baja
David Guetta,electronica,Bogota,Colombia,club,1977,6,Friday,50,53571,34171,93,0.82,1404,0.88,1,27.09711684,17.28426909,4982103,0.76,1503,media
The Weeknd,pop,CDMX,Mexico,club,1157,11,Wednesday,135,32971,4784,96,0.9,762,1,0,28.49697494,4.134831461,3165216,0.83,960,alta
TWICE,kpop,Guadalajara,Mexico,theater,7496,2,Wednesday,112,75279,3287,92,0.84,4448,0.92,0,10.04255603,0.438500534,6925668,0.65,4872,media
Ed Sheeran,pop,Madrid,España,stadium,59442,6,Wednesday,89,1761890,23712,94,0.7,34849,0.9,0,29.64048989,0.398909862,165617660,0.93,55281,alta
David Guetta,electronica,CDMX,Mexico,club,1468,5,Tuesday,129,43650,2371,93,0.82,843,1,0,29.73433243,1.615122616,4059450,0.61,895,media
Adele,pop,Bogota,Colombia,theater,5291,6,Saturday,60,121252,3113,95,0.7,2120,0.88,1,22.91665092,0.588357588,11518940,0.58,3069,media
Post Malone,rap,Bogota,Colombia,stadium,78281,1,Wednesday,155,787105,4058,92,0.7,34621,0.88,0,10.05486644,0.051838888,72413660,0.62,48534,media
BLACKPINK,kpop,Leon,Mexico,festival,34354,7,Friday,124,970371,4692,98,0.7,13282,0.78,1,28.24623042,0.136577982,95096358,0.6,20612,media
Arctic Monkeys,rock,CDMX,Mexico,stadium,76434,8,Saturday,108,1947068,2681,92,0.7,52589,1,1,25.47384672,0.035076013,179130256,0.96,73377,alta
Natanael Cano,corridos,Monterrey,Mexico,stadium,49713,11,Friday,4,1040542,3085,87,0.7,28234,0.92,1,20.93098385,0.062056203,90527154,0.94,46730,alta
Dua Lipa,pop,CDMX,Mexico,club,1002,10,Friday,167,11327,2186,93,0.7,610,1,1,11.30439122,2.181636727,1053411,0.44,441,baja
Grupo Firme,banda,Leon,Mexico,club,1342,6,Tuesday,132,17074,4068,90,0.78,766,0.78,0,12.72280179,3.031296572,1536660,0.51,684,baja
Arctic Monkeys,rock,Guadalajara,Mexico,arena,10188,6,Saturday,53,240117,3855,92,0.7,6107,0.92,1,23.56861013,0.378386337,22090764,0.74,7539,media
Martin Garrix,electronica,Queretaro,Mexico,club,1794,8,Monday,164,33092,4504,92,0.7,695,0.82,0,18.44593088,2.510590858,3044464,0.31,556,baja
Dua Lipa,pop,Leon,Mexico,theater,8937,1,Tuesday,119,241637,28342,93,0.7,4772,0.78,0,27.0378203,3.171310283,22472241,0.52,4647,baja
Martin Garrix,electronica,CDMX,Mexico,festival,29279,12,Saturday,60,711070,1654,92,0.7,16833,1,1,24.28600704,0.056491,65418440,0.89,26058,alta
David Guetta,electronica,Madrid,España,festival,65948,9,Tuesday,67,760386,3840,93,0.82,45867,0.9,0,11.53008431,0.058227695,70715898,0.94,61991,alta
Fuerza Regida,regional_mexicano,Leon,Mexico,arena,20556,6,Saturday,36,216914,3845,88,0.7,10403,0.78,1,10.55234481,0.18705001,19088432,0.52,10689,baja
Ed Sheeran,pop,CDMX,Mexico,stadium,71318,3,Thursday,107,874338,1914,94,0.7,37218,1,0,12.25971003,0.026837545,82187772,0.85,60620,alta
Ariana Grande,pop,Los Angeles,Estados Unidos,theater,4455,10,Wednesday,115,89502,3785,95,0.88,2475,0.95,0,20.09023569,0.849607183,8502690,0.58,2584,media
TWICE,kpop,Guadalajara,Mexico,theater,3532,11,Sunday,56,67536,1854,92,0.84,1890,0.92,0,19.1211778,0.524915062,6213312,0.61,2155,media
Post Malone,rap,Monterrey,Mexico,festival,23815,10,Thursday,8,494864,2288,92,0.7,11883,0.92,0,20.77950871,0.096073903,45527488,0.87,20719,alta
Cuco,indie,Bogota,Colombia,club,781,5,Wednesday,105,10547,3793,82,0.7,402,0.88,0,13.50448143,4.85659411,864854,0.5,390,baja
Grupo Firme,banda,CDMX,Mexico,arena,24152,5,Tuesday,26,661800,1934,90,0.78,17588,1,0,27.40145744,0.080076184,59562000,0.94,22703,alta
Taylor Swift,pop,Madrid,España,theater,5952,11,Saturday,22,175121,2912,98,0.7,2400,0.9,1,29.42221102,0.489247312,17161858,0.56,3333,media
BTS,kpop,Bogota,Colombia,festival,84120,9,Saturday,7,2291481,2887,99,0.95,61255,0.88,1,27.24062054,0.034320019,226856619,0.88,74026,alta
Kendrick Lamar,rap,Leon,Mexico,stadium,54310,7,Thursday,37,1615082,4082,95,0.7,23602,0.78,0,29.73820659,0.075161112,153432790,0.87,47250,alta
Siddhartha,indie,CDMX,Mexico,festival,70491,4,Tuesday,127,1161678,2879,85,0.7,31454,1,0,16.47980593,0.040842093,98742630,0.83,58508,alta
Drake,rap,CDMX,Mexico,club,1324,3,Sunday,62,30537,2188,94,0.86,753,1,0,23.0641994,1.652567976,2870478,0.59,781,media
Ed Sheeran,pop,Los Angeles,Estados Unidos,theater,8484,8,Saturday,21,105677,1500,94,0.7,4253,0.95,1,12.45603489,0.176803395,9933638,0.63,5345,media
Martin Garrix,electronica,Leon,Mexico,stadium,38691,7,Saturday,44,563140,4016,92,0.7,20879,0.78,1,14.55480603,0.103796749,51808880,0.77,29792,media
BTS,kpop,Madrid,España,arena,20806,2,Wednesday,147,368302,4006,99,0.95,14009,0.9,0,17.70172066,0.192540613,36461898,0.85,17685,alta
NewJeans,kpop,Guadalajara,Mexico,theater,7780,12,Tuesday,94,97159,3103,93,0.7,4117,0.92,0,12.48830334,0.398843188,9035787,0.41,3190,baja
TWICE,kpop,Madrid,España,arena,23125,9,Monday,8,351191,2376,92,0.84,15543,0.9,0,15.18663784,0.102745946,32309572,0.92,21275,alta
Karol G,reggaeton,Leon,Mexico,arena,23987,2,Sunday,126,612228,3853,94,0.7,10017,0.78,0,25.52332513,0.160628674,57549432,0.64,15352,media
Natanael Cano,corridos,Los Angeles,Estados Unidos,festival,77124,7,Wednesday,57,1204793,4312,87,0.7,48516,0.95,0,15.62150563,0.055909963,104816991,0.96,74039,alta
Grupo Firme,banda,Bogota,Colombia,festival,81152,6,Saturday,113,2066219,3008,90,0.78,54299,0.88,1,25.46109769,0.037066246,185959710,0.96,77906,alta
Karol G,reggaeton,Guadalajara,Mexico,club,822,2,Tuesday,50,15744,26929,94,0.7,380,0.92,0,19.15328467,32.76034063,1479936,0.33,271,baja
Drake,rap,Seul,Desconocido,festival,94422,12,Friday,7,2294778,3336,94,0.86,53356,0.8,1,24.30342505,0.035330749,215709132,0.88,83091,alta
Ariana Grande,pop,Monterrey,Mexico,arena,17386,1,Sunday,156,297708,3121,95,0.88,10502,0.92,0,17.12343265,0.179512251,28282260,0.84,14604,alta
Arctic Monkeys,rock,CDMX,Mexico,stadium,49851,8,Friday,83,591618,3156,92,0.7,24983,1,1,11.86772582,0.06330866,54428856,0.84,41875,alta
Martin Garrix,electronica,Monterrey,Mexico,arena,16442,8,Saturday,116,420862,2137,92,0.7,6494,0.92,1,25.59676438,0.129972023,38719304,0.57,9372,media
Adele,pop,Guadalajara,Mexico,stadium,71172,6,Thursday,135,1786624,3619,95,0.7,40247,0.92,0,25.10290564,0.050848648,169729280,0.9,64055,alta
Stray Kids,kpop,Bogota,Colombia,theater,3582,8,Wednesday,82,62309,2441,91,0.7,1759,0.88,0,17.39503071,0.68146287,5670119,0.4,1433,baja
Kendrick Lamar,rap,Los Angeles,Estados Unidos,festival,86473,8,Friday,142,1720431,2138,95,0.7,36775,0.95,1,19.89558591,0.02472448,163440945,0.8,69178,alta
BLACKPINK,kpop,Seul,Desconocido,festival,51470,12,Thursday,113,774846,1704,98,0.7,21902,0.8,0,15.05432291,0.033106664,75934908,0.84,43235,alta
Calvin Harris,electronica,Queretaro,Mexico,arena,15644,3,Thursday,21,381422,3827,94,0.7,8937,0.82,0,24.38136027,0.244630529,35853668,0.76,11889,media
Arctic Monkeys,rock,Bogota,Colombia,club,1046,1,Wednesday,155,25565,28853,92,0.7,449,0.88,0,24.44072658,27.58413002,2351980,0.32,335,baja
Peso Pluma,regional_mexicano,CDMX,Mexico,stadium,33280,3,Wednesday,161,882081,1501,93,0.58,12839,1,0,26.50483774,0.045102163,82033533,0.59,19635,media
Natanael Cano,corridos,Queretaro,Mexico,arena,12367,6,Friday,27,196648,1416,87,0.7,5375,0.82,1,15.90102693,0.114498262,17108376,0.4,4947,baja
Post Malone,rap,Seul,Desconocido,stadium,68999,7,Wednesday,62,1704264,3030,92,0.7,38874,0.8,0,24.69983623,0.04391368,156792288,0.97,66929,alta
BLACKPINK,kpop,Los Angeles,Estados Unidos,festival,29310,3,Friday,19,343067,1491,98,0.7,14496,0.95,1,11.70477653,0.05087001,33620566,0.83,24327,alta
Clairo,indie,CDMX,Mexico,club,1703,11,Wednesday,153,39931,2974,80,0.7,908,1,0,23.44744568,1.746330006,3194480,0.45,766,baja
Fuerza Regida,regional_mexicano,Monterrey,Mexico,club,1630,5,Saturday,141,25609,3636,88,0.7,917,0.92,1,15.71104294,2.230674847,2253592,0.48,782,baja
David Guetta,electronica,Seul,Desconocido,club,789,1,Thursday,81,20605,1409,93,0.82,364,0.8,0,26.11533587,1.785804816,1916265,0.32,252,baja
Ariana Grande,pop,Queretaro,Mexico,stadium,31052,2,Monday,121,770231,3673,95,0.88,20812,0.82,0,24.80455365,0.118285457,73171945,0.92,28568,alta
Ed Sheeran,pop,Monterrey,Mexico,stadium,46884,12,Thursday,13,1098844,4530,94,0.7,23145,0.92,0,23.43750533,0.096621449,103291336,0.86,40320,alta
Fuerza Regida,regional_mexicano,Madrid,España,club,2917,4,Monday,126,71983,2369,88,0.7,1511,0.9,0,24.67706548,0.812135756,6334504,0.44,1283,baja
Post Malone,rap,Bogota,Colombia,arena,16587,5,Monday,25,471307,2358,92,0.7,8790,0.88,0,28.41424007,0.142159523,43360244,0.7,11611,media
Siddhartha,indie,Madrid,España,arena,15937,12,Wednesday,109,338764,1371,85,0.7,7605,0.9,0,21.25644726,0.086026228,28794940,0.41,6534,baja
Natanael Cano,corridos,Los Angeles,Estados Unidos,theater,8520,5,Monday,19,86306,1394,87,0.7,3404,0.95,0,10.12981221,0.163615023,7508622,0.28,2386,baja
Kendrick Lamar,rap,Seul,Desconocido,club,1880,12,Monday,141,35000,2180,95,0.7,1026,0.8,0,18.61702128,1.159574468,3325000,0.5,940,baja
Peso Pluma,regional_mexicano,CDMX,Mexico,festival,23539,6,Sunday,92,673270,2427,93,0.58,10086,1,0,28.60231955,0.103105485,62614110,0.63,14830,media
Banda MS,banda,Los Angeles,Estados Unidos,arena,21289,7,Tuesday,97,253265,2324,89,0.7,9247,0.95,0,11.89651933,0.109164357,22540585,0.6,12773,media
The Weeknd,pop,Leon,Mexico,club,1346,1,Monday,126,27496,4206,96,0.9,606,0.78,0,20.42793462,3.124814264,2639616,0.57,767,media
Natanael Cano,corridos,Leon,Mexico,festival,23004,10,Wednesday,121,358622,1680,87,0.7,10008,0.78,0,15.58954964,0.073030777,31200114,0.43,9892,baja
Clairo,indie,Madrid,España,arena,12190,5,Friday,122,329043,3694,80,0.7,5867,0.9,1,26.992863,0.303035275,26323440,0.45,5486,baja
Adele,pop,Seul,Desconocido,festival,61336,6,Thursday,15,1156253,2195,95,0.7,21454,0.8,0,18.85113147,0.035786488,109844035,0.79,48455,alta
Kendrick Lamar,rap,Monterrey,Mexico,club,1719,12,Saturday,139,18491,3588,95,0.7,926,0.92,1,10.75683537,2.087260035,1756645,0.4,688,baja
Post Malone,rap,Bogota,Colombia,stadium,74004,11,Friday,153,1398351,3177,92,0.7,31535,0.88,1,18.89561375,0.042930112,128648292,0.83,61423,alta
BTS,kpop,CDMX,Mexico,stadium,69261,3,Tuesday,52,1574743,4730,99,0.95,61253,1,0,22.73635957,0.068292401,155899557,0.91,63028,alta
Grupo Firme,banda,Seul,Desconocido,stadium,46729,12,Tuesday,169,1044576,2479,90,0.78,19117,0.8,0,22.35391299,0.053050568,94011840,0.82,38318,alta
Karol G,reggaeton,Madrid,España,club,2857,12,Monday,121,84036,3186,94,0.7,1626,0.9,0,29.4140707,1.115155758,7899384,0.46,1314,baja
Fuerza Regida,regional_mexicano,Madrid,España,theater,6077,2,Wednesday,157,174265,25251,88,0.7,2776,0.9,0,28.676156,4.155175251,15335320,0.37,2248,baja
aespa,kpop,Leon,Mexico,theater,6033,12,Wednesday,53,101524,1826,90,0.7,3177,0.78,0,16.82811205,0.302668656,9137160,0.53,3197,baja
Ariana Grande,pop,Los Angeles,Estados Unidos,stadium,30936,1,Friday,164,462879,2447,95,0.88,17491,0.95,1,14.96247091,0.079098785,43973505,0.81,25058,alta
Travis Scott,rap,Leon,Mexico,arena,18312,12,Tuesday,96,476792,3535,93,0.7,7471,0.78,0,26.03713412,0.193042813,44341656,0.64,11720,media
Dua Lipa,pop,Los Angeles,Estados Unidos,festival,66162,4,Thursday,86,1851102,2244,93,0.7,28686,0.95,0,27.97832593,0.03391675,172152486,0.81,53591,alta
NewJeans,kpop,Bogota,Colombia,stadium,75354,7,Monday,34,1379048,1485,93,0.7,46023,0.88,0,18.30092629,0.019706983,128251464,0.96,72340,alta
BTS,kpop,Madrid,España,club,902,5,Tuesday,37,21756,3484,99,0.95,798,0.9,0,24.11973392,3.862527716,2153844,0.95,857,alta
Los Tigres del Norte,norteno,Guadalajara,Mexico,festival,35230,1,Sunday,162,615912,2317,92,0.74,16904,0.92,0,17.48260006,0.065767812,56663904,0.62,21843,media
Imagine Dragons,rock,Queretaro,Mexico,stadium,50559,6,Wednesday,73,1370922,2567,94,0.7,25834,0.82,0,27.11529105,0.050772365,128866668,0.91,46009,alta
Calvin Harris,electronica,Queretaro,Mexico,arena,11751,8,Thursday,173,168919,1938,94,0.7,6453,0.82,0,14.37486171,0.164922134,15878386,0.5,5876,baja
Adele,pop,Monterrey,Mexico,festival,80941,8,Friday,150,1030427,2343,95,0.7,44560,0.92,1,12.73059389,0.028947011,97890565,0.89,72037,alta
Post Malone,rap,Los Angeles,Estados Unidos,festival,72921,10,Monday,17,1729297,3393,92,0.7,39632,0.95,0,23.71466381,0.046529806,159095324,0.89,64900,alta
Karol G,reggaeton,Monterrey,Mexico,theater,5340,7,Thursday,84,108132,1807,94,0.7,2453,0.92,0,20.2494382,0.338389513,10164408,0.32,1709,baja
Natanael Cano,corridos,CDMX,Mexico,arena,16024,12,Tuesday,152,396425,1873,87,0.7,6752,1,0,24.73945332,0.116887169,34488975,0.28,4487,baja
Siddhartha,indie,Bogota,Colombia,festival,34765,5,Monday,167,525044,2111,85,0.7,19181,0.88,0,15.10266072,0.060721991,44628740,0.76,26421,media
Girl Ultra,indie,CDMX,Mexico,festival,80483,12,Sunday,47,1895773,2023,78,0.7,46369,1,0,23.55494949,0.025135743,147870294,0.95,76459,alta
Taylor Swift,pop,Monterrey,Mexico,arena,12942,9,Monday,151,161702,4466,98,0.7,7636,0.92,0,12.49435945,0.34507804,15846796,0.7,9059,media
Clairo,indie,Bogota,Colombia,stadium,39267,9,Monday,89,585670,1633,80,0.7,15530,0.88,0,14.91506863,0.041587083,46853600,0.35,13743,baja
Coldplay,rock,Los Angeles,Estados Unidos,stadium,77611,6,Friday,132,1577322,2505,96,0.7,39991,0.95,1,20.32343353,0.032276353,151422912,0.85,65969,alta
Dua Lipa,pop,Los Angeles,Estados Unidos,arena,23823,7,Tuesday,109,442307,2665,93,0.7,14390,0.95,0,18.56638543,0.111866683,41134551,0.72,17153,media
Kendrick Lamar,rap,Seul,Desconocido,festival,80778,11,Saturday,70,2249012,4332,95,0.7,45282,0.8,1,27.84188764,0.053628463,213656140,0.95,76739,alta
Martin Garrix,electronica,Los Angeles,Estados Unidos,club,1959,4,Friday,17,42482,21458,92,0.7,1257,0.95,1,21.68555385,10.95354773,3908344,0.52,1019,baja
Bad Bunny,reggaeton,Seul,Desconocido,club,676,10,Monday,34,18919,4413,95,0.7,360,0.8,0,27.98668639,6.528106509,1797305,0.48,324,baja
Coldplay,rock,Guadalajara,Mexico,festival,65581,6,Thursday,51,1744306,2098,96,0.7,38068,0.92,0,26.5977341,0.031990973,167453376,0.91,59679,alta
Post Malone,rap,Monterrey,Mexico,arena,15833,11,Friday,57,221181,4067,92,0.7,6453,0.92,1,13.96962041,0.256868566,20348652,0.58,9183,media
Dua Lipa,pop,Queretaro,Mexico,theater,6893,1,Saturday,106,142562,4367,93,0.7,2659,0.82,1,20.6821413,0.633541274,13258266,0.3,2068,baja
Post Malone,rap,Bogota,Colombia,club,592,11,Thursday,147,9090,2977,92,0.7,354,0.88,0,15.35472973,5.028716216,836280,0.52,308,baja
Imagine Dragons,rock,Madrid,España,arena,20570,12,Saturday,94,453165,4511,94,0.7,11242,0.9,1,22.03038405,0.219299951,42597510,0.69,14193,media
Los Tigres del Norte,norteno,Leon,Mexico,theater,4627,2,Friday,3,56246,2797,92,0.74,1607,0.78,1,12.15604063,0.604495353,5174632,0.25,1157,baja
The Weeknd,pop,Guadalajara,Mexico,arena,23949,2,Wednesday,113,704132,4039,96,0.9,13243,0.92,0,29.40131112,0.168650048,67596672,0.81,19399,alta
Adele,pop,Los Angeles,Estados Unidos,theater,8050,5,Wednesday,31,84675,3521,95,0.7,4824,0.95,0,10.51863354,0.437391304,8044125,0.71,5716,media
Kendrick Lamar,rap,Madrid,España,club,2843,10,Sunday,146,56658,2875,95,0.7,1110,0.9,0,19.92894829,1.011255716,5382510,0.25,711,baja
BTS,kpop,Seul,Desconocido,festival,77692,2,Friday,167,1393374,3825,99,0.95,42226,0.8,1,17.93458786,0.049232868,137944026,0.82,63707,alta
Girl Ultra,indie,Monterrey,Mexico,club,2102,8,Thursday,87,45071,2637,78,0.7,947,0.92,0,21.44196004,1.254519505,3515538,0.41,862,baja
David Guetta,electronica,Queretaro,Mexico,stadium,50489,2,Saturday,76,506339,4408,93,0.82,30352,0.82,1,10.02869932,0.087306146,47089527,0.91,45945,alta
Peso Pluma,regional_mexicano,Queretaro,Mexico,arena,11586,10,Thursday,6,239822,3641,93,0.58,4834,0.82,0,20.69929225,0.314258588,22303446,0.45,5214,baja
Girl Ultra,indie,CDMX,Mexico,stadium,45105,12,Wednesday,17,1250206,2375,78,0.7,18493,1,0,27.71768097,0.052654916,97516068,0.61,27514,media
Martin Garrix,electronica,Los Angeles,Estados Unidos,club,912,9,Thursday,70,15122,3918,92,0.7,541,0.95,0,16.58114035,4.296052632,1391224,0.46,420,baja
The Weeknd,pop,Monterrey,Mexico,festival,87410,3,Sunday,134,2162829,38801,96,0.9,52580,0.92,0,24.74349617,0.443896579,207631584,0.83,72550,alta
Adele,pop,Bogota,Colombia,arena,24727,12,Wednesday,32,396186,1572,95,0.7,11525,0.88,0,16.02240466,0.063574231,37637670,0.63,15578,media
Fuerza Regida,regional_mexicano,Monterrey,Mexico,theater,8299,4,Saturday,123,188889,2647,88,0.7,4637,0.92,1,22.76045307,0.318954091,16622232,0.47,3901,baja
Banda MS,banda,Guadalajara,Mexico,club,1922,5,Wednesday,28,33400,1600,89,0.7,1038,0.92,0,17.37773153,0.832466181,2972600,0.44,846,baja
Calvin Harris,electronica,Los Angeles,Estados Unidos,festival,27602,11,Saturday,104,523387,3595,94,0.7,17809,0.95,1,18.96192305,0.130244185,49198378,0.75,20702,media
BTS,kpop,CDMX,Mexico,theater,9982,2,Thursday,126,285119,3532,99,0.95,8880,1,0,28.56331397,0.353836906,28226781,0.91,9084,alta
The Weeknd,pop,Bogota,Colombia,club,1940,5,Tuesday,150,24159,2623,96,0.9,1336,0.88,0,12.45309278,1.352061856,2319264,0.69,1339,media
Los Tigres del Norte,norteno,Guadalajara,Mexico,stadium,69522,1,Sunday,104,1382536,3764,92,0.74,30139,0.92,0,19.88630937,0.054141135,127193312,0.81,56313,alta
Bad Bunny,reggaeton,Madrid,España,club,2954,4,Thursday,68,77913,3339,95,0.7,1442,0.9,0,26.37542316,1.130331754,7401735,0.36,1063,baja
Cuco,indie,Monterrey,Mexico,festival,79065,1,Friday,49,2225572,2693,82,0.7,32122,0.92,1,28.1486372,0.034060583,182496904,0.84,66415,alta
Stray Kids,kpop,CDMX,Mexico,theater,6068,3,Wednesday,58,171038,22312,91,0.7,2937,1,0,28.186882,3.676994067,15564458,0.61,3701,media
Natanael Cano,corridos,Guadalajara,Mexico,arena,12887,5,Monday,102,143210,3454,87,0.7,7855,0.92,0,11.11274928,0.268022038,12459270,0.54,6959,baja
Peso Pluma,regional_mexicano,Seul,Desconocido,theater,9118,3,Thursday,151,256406,1592,93,0.58,3253,0.8,0,28.12085984,0.174599693,23845758,0.37,3374,baja
Siddhartha,indie,Seul,Desconocido,arena,15583,9,Wednesday,150,406843,3670,85,0.7,7799,0.8,0,26.10813066,0.235513059,34581655,0.52,8103,baja
Siddhartha,indie,Bogota,Colombia,arena,22871,9,Wednesday,22,644276,3325,85,0.7,11185,0.88,0,28.16999694,0.145380613,54763460,0.7,16010,media
David Guetta,electronica,Seul,Desconocido,festival,32924,7,Thursday,142,499758,2726,93,0.82,20240,0.8,0,15.17913984,0.082796744,46477494,0.73,24035,media
Grupo Firme,banda,Monterrey,Mexico,stadium,50959,6,Tuesday,25,1234348,2412,90,0.78,28836,0.92,0,24.22237485,0.047332169,111091320,0.88,44844,alta
Martin Garrix,electronica,Monterrey,Mexico,stadium,64112,1,Monday,17,715094,38811,92,0.7,34551,0.92,0,11.15382456,0.605362491,65788648,0.89,57060,alta
Cuco,indie,CDMX,Mexico,club,2948,6,Wednesday,83,57736,3131,82,0.7,1475,1,0,19.58480326,1.062075984,4734352,0.4,1179,baja
Fuerza Regida,regional_mexicano,Guadalajara,Mexico,club,2747,3,Saturday,111,54896,4268,88,0.7,1149,0.92,1,19.98398253,1.55369494,4830848,0.31,852,baja
Karol G,reggaeton,Guadalajara,Mexico,club,1435,9,Thursday,77,18780,1424,94,0.7,847,0.92,0,13.08710801,0.992334495,1765320,0.47,674,baja
Los Tigres del Norte,norteno,Seul,Desconocido,festival,51997,5,Sunday,151,1067327,1447,92,0.74,21986,0.8,0,20.52670346,0.027828529,98194084,0.62,32238,media
Kendrick Lamar,rap,Leon,Mexico,club,2807,10,Thursday,112,47130,23077,95,0.7,962,0.78,0,16.79016744,8.221232633,4477350,0.26,730,baja
David Guetta,electronica,Guadalajara,Mexico,festival,46035,8,Tuesday,62,1111940,2063,93,0.82,30375,0.92,0,24.15423048,0.044813729,103410420,0.91,41892,alta
Girl Ultra,indie,Guadalajara,Mexico,theater,7761,3,Wednesday,80,206231,3386,78,0.7,2845,0.92,0,26.57273547,0.436283984,16086018,0.3,2328,baja
Ed Sheeran,pop,Seul,Desconocido,arena,23786,4,Saturday,118,277250,2813,94,0.7,13438,0.8,1,11.65601614,0.118262844,26061500,0.77,18315,media
Ariana Grande,pop,Seul,Desconocido,festival,40270,4,Monday,86,696282,4244,95,0.88,29067,0.8,0,17.2903402,0.105388627,66146790,0.96,38659,alta
Bad Bunny,reggaeton,Madrid,España,theater,7961,5,Monday,14,107152,4419,95,0.7,5059,0.9,0,13.45961563,0.55508102,10179440,0.76,6050,media
Clairo,indie,Bogota,Colombia,stadium,56561,2,Friday,124,1221334,23279,80,0.7,22761,0.88,1,21.59321794,0.411573346,97706720,0.64,36199,media
Ariana Grande,pop,Queretaro,Mexico,theater,8992,7,Monday,79,263041,3100,95,0.88,4050,0.82,0,29.25278025,0.34475089,24988895,0.56,5036,media
Imagine Dragons,rock,Los Angeles,Estados Unidos,theater,9114,10,Monday,75,246377,3337,94,0.7,6083,0.95,0,27.03280667,0.366140004,23159438,0.76,6927,media
Kendrick Lamar,rap,Guadalajara,Mexico,club,2887,2,Friday,47,44919,3046,95,0.7,1488,0.92,1,15.55905785,1.055074472,4267305,0.38,1097,baja
Ed Sheeran,pop,Queretaro,Mexico,arena,12794,8,Wednesday,156,287760,2802,94,0.7,7490,0.82,0,22.49179303,0.21900891,27049440,0.54,6909,baja
Taylor Swift,pop,Bogota,Colombia,stadium,56005,9,Tuesday,139,826928,3095,98,0.7,36637,0.88,0,14.7652531,0.055262923,81038944,0.96,53765,alta
BTS,kpop,Los Angeles,Estados Unidos,arena,11199,4,Monday,150,331924,4416,99,0.95,10345,0.95,0,29.63871774,0.394320922,32860476,0.94,10527,alta
Adele,pop,Guadalajara,Mexico,theater,5910,3,Sunday,32,121270,2573,95,0.7,2829,0.92,0,20.51945854,0.43536379,11520650,0.34,2009,baja
Drake,rap,Monterrey,Mexico,festival,59777,7,Saturday,88,1566370,3119,94,0.86,36602,0.92,1,26.20355655,0.052177259,147238780,0.86,51408,alta
Peso Pluma,regional_mexicano,Seul,Desconocido,theater,4699,6,Thursday,109,133586,3404,93,0.58,2095,0.8,0,28.42860183,0.724409449,12423498,0.51,2396,baja
Grupo Firme,banda,Los Angeles,Estados Unidos,arena,14457,3,Monday,47,375096,2347,90,0.78,7642,0.95,0,25.94563187,0.162343501,33758640,0.63,9108,media
Fuerza Regida,regional_mexicano,Leon,Mexico,arena,17095,9,Friday,67,199526,1935,88,0.7,5965,0.78,1,11.67159988,0.113190992,17558288,0.3,5128,baja
aespa,kpop,Monterrey,Mexico,festival,48661,4,Sunday,12,1005483,31118,90,0.7,25399,0.92,0,20.66301556,0.63948542,90493470,0.68,33089,media
Dua Lipa,pop,Guadalajara,Mexico,club,1402,8,Friday,163,26341,2736,93,0.7,900,0.92,1,18.78815977,1.95149786,2449713,0.77,1080,media
Bad Bunny,reggaeton,Los Angeles,Estados Unidos,stadium,60596,11,Tuesday,56,882250,29412,95,0.7,36873,0.95,0,14.55954188,0.485378573,83813750,0.92,55748,alta
The Weeknd,pop,Monterrey,Mexico,theater,4581,1,Thursday,5,46035,3874,96,0.9,3301,0.92,0,10.04911591,0.845666885,4419360,0.89,4077,alta
Banda MS,banda,Queretaro,Mexico,theater,8997,3,Friday,98,242731,3707,89,0.7,3189,0.82,1,26.97910415,0.412026231,21603059,0.28,2519,baja
Stray Kids,kpop,Seul,Desconocido,theater,7337,7,Friday,159,96749,4100,91,0.7,3465,0.8,1,13.18645223,0.558811503,8804159,0.43,3155,baja
Cuco,indie,Bogota,Colombia,club,2992,5,Monday,177,77918,1361,82,0.7,1656,0.88,0,26.0421123,0.454879679,6389276,0.55,1646,baja
Calvin Harris,electronica,Guadalajara,Mexico,theater,9218,12,Sunday,49,94745,28086,94,0.7,3979,0.92,0,10.27825993,3.04686483,8906030,0.29,2673,baja
Post Malone,rap,Los Angeles,Estados Unidos,club,1916,9,Tuesday,72,33187,4021,92,0.7,1035,0.95,0,17.32098121,2.098643006,3053204,0.41,786,baja
Adele,pop,Queretaro,Mexico,club,627,4,Sunday,50,13486,4165,95,0.7,357,0.82,0,21.50877193,6.642743222,1281170,0.51,320,baja
Taylor Swift,pop,Queretaro,Mexico,festival,78814,7,Thursday,44,911969,3257,98,0.7,43596,0.82,0,11.57115487,0.041325145,89372962,0.92,72509,alta
David Guetta,electronica,Los Angeles,Estados Unidos,stadium,52508,6,Thursday,118,778973,2797,93,0.82,36658,0.95,0,14.83532033,0.053268073,72444489,0.92,48307,alta
Coldplay,rock,Los Angeles,Estados Unidos,arena,11361,3,Friday,37,130273,35191,96,0.7,7007,0.95,1,11.46668427,3.097526626,12506208,0.46,5226,baja
Imagine Dragons,rock,Leon,Mexico,club,1633,1,Saturday,63,41106,2945,94,0.7,680,0.78,1,25.17207593,1.803429271,3863964,0.36,588,baja
Bad Bunny,reggaeton,CDMX,Mexico,club,2237,7,Tuesday,146,61776,3779,95,0.7,1163,1,0,27.61555655,1.689316048,5868720,0.62,1387,media
Siddhartha,indie,Queretaro,Mexico,club,952,10,Friday,173,11726,3132,85,0.7,471,0.82,1,12.31722689,3.289915966,996710,0.49,466,baja
Girl Ultra,indie,CDMX,Mexico,club,734,10,Monday,99,19449,1803,78,0.7,407,1,0,26.4972752,2.45640327,1517022,0.49,360,baja
Banda MS,banda,CDMX,Mexico,festival,71028,7,Monday,136,988673,39463,89,0.7,46029,1,0,13.91948246,0.555597792,87991897,0.95,67477,alta
BLACKPINK,kpop,Bogota,Colombia,club,724,11,Monday,118,10620,3743,98,0.7,464,0.88,0,14.66850829,5.169889503,1040760,0.52,376,baja
Drake,rap,Leon,Mexico,stadium,77252,12,Friday,48,1204672,2981,94,0.86,42871,0.78,1,15.59405582,0.038587998,113239168,0.88,67982,alta
The Weeknd,pop,Seul,Desconocido,festival,72928,8,Thursday,85,1879161,1720,96,0.9,44141,0.8,0,25.76734588,0.023584906,180399456,0.88,64177,alta
Calvin Harris,electronica,Seul,Desconocido,stadium,40211,7,Saturday,78,1119963,3356,94,0.7,21363,0.8,1,27.85215488,0.08345975,105276522,0.93,37396,alta
Los Tigres del Norte,norteno,Bogota,Colombia,club,1321,11,Tuesday,113,25550,1475,92,0.74,746,0.88,0,19.34140802,1.11657835,2350600,0.44,581,baja
David Guetta,electronica,Los Angeles,Estados Unidos,arena,13659,5,Sunday,153,238159,2406,93,0.82,9558,0.95,0,17.43604949,0.176147595,22148787,0.71,9698,media
aespa,kpop,Los Angeles,Estados Unidos,festival,25087,10,Wednesday,165,668790,2777,90,0.7,15136,0.95,0,26.65882728,0.110694782,60191100,0.74,18564,media
Fuerza Regida,regional_mexicano,Guadalajara,Mexico,festival,89251,8,Friday,13,1887336,3297,88,0.7,53135,0.92,1,21.14638491,0.036940763,166085568,0.95,84788,alta
BTS,kpop,CDMX,Mexico,stadium,70766,7,Thursday,125,1050209,4438,99,0.95,53384,1,0,14.84058729,0.062713733,103970691,0.85,60151,alta
TWICE,kpop,Seul,Desconocido,club,2722,7,Wednesday,70,29510,3562,92,0.84,1378,0.8,0,10.84129317,1.30859662,2714920,0.64,1742,media
Ed Sheeran,pop,CDMX,Mexico,theater,7849,2,Monday,144,224447,1854,94,0.7,3575,1,0,28.59561728,0.236208434,21098018,0.28,2198,baja
David Guetta,electronica,Seul,Desconocido,theater,8427,6,Wednesday,155,203551,31053,93,0.82,4680,0.8,0,24.15462205,3.68494126,18930243,0.69,5815,media
The Weeknd,pop,Los Angeles,Estados Unidos,theater,6026,11,Saturday,96,123977,4472,96,0.9,3295,0.95,1,20.57368072,0.742117491,11901792,0.57,3435,media
BTS,kpop,Los Angeles,Estados Unidos,club,2442,7,Friday,65,36050,4153,99,0.95,1875,0.95,1,14.76248976,1.700655201,3568950,0.87,2125,alta
NewJeans,kpop,CDMX,Mexico,festival,68789,7,Tuesday,79,1011281,4564,93,0.7,40043,1,0,14.70120223,0.066347817,94049133,0.89,61222,alta
Ariana Grande,pop,CDMX,Mexico,festival,51774,4,Monday,5,785854,4388,95,0.88,33715,1,0,15.17854522,0.084752965,74656130,0.84,43490,alta
Banda MS,banda,Seul,Desconocido,theater,6135,7,Saturday,80,157506,2070,89,0.7,2800,0.8,1,25.67334963,0.337408313,14018034,0.43,2638,baja
Peso Pluma,regional_mexicano,Bogota,Colombia,club,2510,3,Tuesday,24,35035,2432,93,0.58,791,0.88,0,13.95816733,0.968924303,3258255,0.26,653,baja
TWICE,kpop,CDMX,Mexico,theater,3495,1,Saturday,71,52972,3726,92,0.84,1801,1,1,15.1565093,1.066094421,4873424,0.57,1992,media
Kendrick Lamar,rap,Los Angeles,Estados Unidos,festival,20546,12,Thursday,50,568957,1632,95,0.7,13242,0.95,0,27.69186216,0.07943152,54050915,0.74,15204,media
Banda MS,banda,CDMX,Mexico,club,2838,12,Monday,136,41120,3869,89,0.7,1436,1,0,14.48907681,1.363284003,3659680,0.36,1022,baja
Peso Pluma,regional_mexicano,Queretaro,Mexico,arena,13126,12,Thursday,39,320086,2837,93,0.58,4106,0.82,0,24.38564681,0.216135913,29767998,0.29,3807,baja
Banda MS,banda,Leon,Mexico,stadium,42487,2,Friday,33,873849,3381,89,0.7,18272,0.78,1,20.56744416,0.079577282,77772561,0.67,28466,media
Martin Garrix,electronica,Bogota,Colombia,theater,8048,10,Thursday,165,113135,2882,92,0.7,4545,0.88,0,14.05752982,0.358101392,10408420,0.48,3863,baja
Fuerza Regida,regional_mexicano,Monterrey,Mexico,arena,11160,12,Saturday,178,179546,2088,88,0.7,4725,0.92,1,16.08835125,0.187096774,15800048,0.31,3460,baja
Clairo,indie,Los Angeles,Estados Unidos,arena,21455,8,Monday,62,404382,1296,80,0.7,10619,0.95,0,18.84791424,0.0604055,32350560,0.44,9440,baja
BLACKPINK,kpop,Leon,Mexico,arena,15461,6,Monday,31,375825,26367,98,0.7,5695,0.78,0,24.3079361,1.70538775,36830850,0.58,8967,media
Arctic Monkeys,rock,Los Angeles,Estados Unidos,club,2693,2,Wednesday,133,33105,4522,92,0.7,1109,0.95,0,12.2929818,1.679168214,3045660,0.27,727,baja
aespa,kpop,Queretaro,Mexico,club,2755,10,Thursday,78,56496,2775,90,0.7,1265,0.82,0,20.50671506,1.007259528,5084640,0.41,1130,baja
Stray Kids,kpop,Madrid,España,festival,76603,3,Tuesday,83,1696947,3797,91,0.7,39230,0.9,0,22.1524875,0.049567249,154422177,0.89,68177,alta
Natanael Cano,corridos,Leon,Mexico,festival,60386,8,Saturday,84,1172602,2063,87,0.7,26873,0.78,1,19.41844136,0.034163548,102016374,0.7,42270,media
Bad Bunny,reggaeton,Leon,Mexico,stadium,62910,2,Friday,122,1471562,1725,95,0.7,31872,0.78,1,23.39154347,0.027420124,139798390,0.92,57877,alta
Adele,pop,Queretaro,Mexico,club,1008,6,Sunday,29,30215,23322,95,0.7,599,0.82,0,29.97519841,23.13690476,2870425,0.54,544,baja
Siddhartha,indie,Bogota,Colombia,festival,26604,2,Saturday,130,335613,3894,85,0.7,12291,0.88,1,12.61513306,0.146368967,28527105,0.67,17825,media
Stray Kids,kpop,Guadalajara,Mexico,stadium,43410,3,Sunday,125,875755,3029,91,0.7,20233,0.92,0,20.17403824,0.069776549,79693705,0.63,27348,media
Coldplay,rock,CDMX,Mexico,festival,48483,3,Monday,52,739465,3145,96,0.7,32836,1,0,15.25204711,0.064868098,70988640,0.93,45089,alta
Cuco,indie,Los Angeles,Estados Unidos,festival,48707,10,Sunday,4,669316,2671,82,0.7,20501,0.95,0,13.74167984,0.054838114,54883912,0.62,30198,media
David Guetta,electronica,Guadalajara,Mexico,arena,10953,3,Tuesday,101,246103,3991,93,0.82,6513,0.92,0,22.46900393,0.364375057,22887579,0.66,7229,media
Banda MS,banda,Monterrey,Mexico,theater,5631,9,Sunday,37,121085,2821,89,0.7,2212,0.92,0,21.50328538,0.500976736,10776565,0.27,1520,baja
Taylor Swift,pop,Leon,Mexico,theater,6742,6,Wednesday,13,162174,2971,98,0.7,2386,0.78,0,24.05428656,0.440670424,15893052,0.57,3843,media
Cuco,indie,Queretaro,Mexico,festival,40838,2,Saturday,20,619352,39856,82,0.7,20821,0.82,1,15.16607082,0.975953769,50786864,0.54,22053,baja
Girl Ultra,indie,Queretaro,Mexico,theater,7556,8,Monday,170,188341,2162,78,0.7,3472,0.82,0,24.92601906,0.286130228,14690598,0.5,3778,baja
Arctic Monkeys,rock,Seul,Desconocido,theater,4489,7,Thursday,122,98897,3283,92,0.7,2228,0.8,0,22.03096458,0.731343284,9098524,0.46,2065,baja
Kendrick Lamar,rap,Madrid,España,festival,41222,12,Sunday,55,1116539,1957,95,0.7,20577,0.9,0,27.08599777,0.047474649,106071205,0.86,35451,alta
Clairo,indie,Bogota,Colombia,club,2478,2,Sunday,170,37248,1878,80,0.7,889,0.88,0,15.031477,0.757869249,2979840,0.3,743,baja
BTS,kpop,Leon,Mexico,arena,15470,5,Sunday,53,462844,4517,99,0.95,8176,0.78,0,29.9188106,0.291984486,45821556,0.82,12685,alta
Arctic Monkeys,rock,Guadalajara,Mexico,theater,6290,9,Thursday,153,105179,4411,92,0.7,2842,0.92,0,16.72162162,0.70127186,9676468,0.33,2076,baja
Bad Bunny,reggaeton,Bogota,Colombia,club,1016,8,Tuesday,39,26225,2911,95,0.7,533,0.88,0,25.81200787,2.86515748,2491375,0.41,417,baja
Siddhartha,indie,Seul,Desconocido,club,789,2,Sunday,121,12415,2327,85,0.7,365,0.8,0,15.73510773,2.949302915,1055275,0.46,363,baja
aespa,kpop,Seul,Desconocido,stadium,31003,9,Wednesday,129,760684,3322,90,0.7,14799,0.8,0,24.53581911,0.107150921,68461560,0.71,22012,media
Karol G,reggaeton,Guadalajara,Mexico,festival,79715,4,Wednesday,116,1905774,1712,94,0.7,37445,0.92,0,23.90734492,0.02147651,179142756,0.84,66961,alta
Karol G,reggaeton,Queretaro,Mexico,festival,89049,8,Tuesday,48,1741136,2875,94,0.7,51876,0.82,0,19.55256095,0.032285596,163666784,0.96,85487,alta
Clairo,indie,Seul,Desconocido,theater,5154,9,Friday,130,101529,3880,80,0.7,2268,0.8,1,19.69906868,0.752813349,8122320,0.47,2422,baja
Banda MS,banda,Queretaro,Mexico,stadium,65505,4,Thursday,103,947776,3114,89,0.7,30099,0.82,0,14.46875811,0.047538356,84352064,0.89,58299,alta
David Guetta,electronica,Monterrey,Mexico,festival,98906,6,Monday,101,2849841,2062,93,0.82,64206,0.92,0,28.81363112,0.020848078,265035213,0.9,89015,alta
Calvin Harris,electronica,Seul,Desconocido,stadium,69025,11,Wednesday,122,1906585,3722,94,0.7,30478,0.8,0,27.62165882,0.053922492,179218990,0.87,60052,alta
Imagine Dragons,rock,Guadalajara,Mexico,stadium,42672,11,Monday,58,1263852,4263,94,0.7,19670,0.92,0,29.61782902,0.099901575,118802088,0.83,35418,alta
Dua Lipa,pop,Madrid,España,stadium,39581,3,Friday,45,999036,3487,93,0.7,18789,0.9,1,25.24029206,0.088097825,92910348,0.85,33644,alta
David Guetta,electronica,Bogota,Colombia,festival,94576,5,Saturday,160,1953560,3579,93,0.82,62900,0.88,1,20.65598038,0.037842582,181681080,0.93,87956,alta
Imagine Dragons,rock,Madrid,España,club,532,1,Monday,150,12881,4273,94,0.7,207,0.9,0,24.21240602,8.031954887,1210814,0.25,133,baja
Grupo Firme,banda,Los Angeles,Estados Unidos,theater,3305,12,Thursday,30,64614,3430,90,0.78,1548,0.95,0,19.55037821,1.037821483,5815260,0.59,1950,media
aespa,kpop,CDMX,Mexico,stadium,69361,7,Thursday,9,1194494,4373,90,0.7,29308,1,0,17.22140684,0.063046957,107504460,0.8,55489,alta
The Weeknd,pop,Seul,Desconocido,club,1679,11,Friday,16,46465,3057,96,0.9,776,0.8,1,27.67421084,1.820726623,4460640,0.57,957,media
Imagine Dragons,rock,Guadalajara,Mexico,arena,18547,7,Thursday,171,389504,3255,94,0.7,11620,0.92,0,21.00091659,0.175500081,36613376,0.75,13910,media
Natanael Cano,corridos,Leon,Mexico,stadium,43116,12,Sunday,134,1237435,3960,87,0.7,19798,0.78,0,28.70013452,0.091845255,107656845,0.71,30612,media
Kendrick Lamar,rap,Leon,Mexico,arena,17096,2,Saturday,20,409920,3154,95,0.7,7656,0.78,1,23.97753861,0.184487599,38942400,0.66,11283,media
BTS,kpop,Madrid,España,stadium,56459,10,Friday,47,916296,2724,99,0.95,33167,0.9,1,16.22940541,0.048247401,90713304,0.81,45732,alta
Los Tigres del Norte,norteno,Queretaro,Mexico,festival,52654,8,Wednesday,107,643226,3082,92,0.74,25609,0.82,0,12.21608995,0.058533065,59176792,0.67,35278,media
aespa,kpop,Guadalajara,Mexico,stadium,72019,12,Friday,77,1968656,2815,90,0.7,36026,0.92,1,27.33523098,0.039086908,177179040,0.88,63377,alta
Kendrick Lamar,rap,Seul,Desconocido,arena,19363,3,Sunday,91,544214,2322,95,0.7,7499,0.8,0,28.10587202,0.119919434,51700330,0.6,11618,media
Calvin Harris,electronica,Monterrey,Mexico,festival,67448,4,Saturday,27,1406213,3971,94,0.7,34511,0.92,1,20.84884652,0.058874985,132184022,0.87,58680,alta
Dua Lipa,pop,Los Angeles,Estados Unidos,club,2721,2,Wednesday,151,62282,4112,93,0.7,1396,0.95,0,22.8893789,1.511209114,5792226,0.37,1007,baja
Post Malone,rap,Guadalajara,Mexico,club,1626,5,Wednesday,135,37511,2401,92,0.7,893,0.92,0,23.06949569,1.476629766,3451012,0.43,699,baja
David Guetta,electronica,Queretaro,Mexico,festival,79431,9,Sunday,13,927990,3559,93,0.82,46481,0.82,0,11.68297013,0.044806184,86303070,0.9,71488,alta
Grupo Firme,banda,Los Angeles,Estados Unidos,theater,8160,5,Tuesday,105,125361,2315,90,0.78,3648,0.95,0,15.36286765,0.28370098,11282490,0.26,2122,baja
Bad Bunny,reggaeton,Bogota,Colombia,club,1538,7,Thursday,134,21458,2186,95,0.7,737,0.88,0,13.95188557,1.421326398,2038510,0.36,554,baja
Fuerza Regida,regional_mexicano,Madrid,España,club,2243,7,Wednesday,156,51403,3921,88,0.7,1159,0.9,0,22.91707535,1.748105216,4523464,0.44,987,baja
Clairo,indie,CDMX,Mexico,stadium,78247,9,Monday,95,826785,1248,80,0.7,38403,1,0,10.56634759,0.015949493,66142800,0.88,68857,alta
Dua Lipa,pop,Seul,Desconocido,stadium,53346,3,Wednesday,111,999324,21860,93,0.7,28767,0.8,0,18.73287594,0.409777678,92937132,0.94,50145,alta
Los Tigres del Norte,norteno,Monterrey,Mexico,arena,14635,6,Sunday,17,250376,24141,92,0.74,8675,0.92,0,17.1080287,1.649538777,23034592,0.7,10244,media
Clairo,indie,Los Angeles,Estados Unidos,theater,5608,2,Thursday,164,156898,21516,80,0.7,2158,0.95,0,27.9775321,3.836661912,12551840,0.3,1682,baja
Martin Garrix,electronica,Monterrey,Mexico,club,1410,6,Monday,16,21050,2850,92,0.7,570,0.92,0,14.92907801,2.021276596,1936600,0.27,381,baja
The Weeknd,pop,CDMX,Mexico,theater,8000,3,Friday,154,215774,31574,96,0.9,6491,1,1,26.97175,3.94675,20714304,0.7,5600,media
Post Malone,rap,Monterrey,Mexico,theater,5025,5,Saturday,2,142908,4164,92,0.7,1971,0.92,1,28.43940299,0.828656716,13147536,0.57,2864,media
Taylor Swift,pop,Queretaro,Mexico,club,2006,7,Tuesday,20,51265,4051,98,0.7,1031,0.82,0,25.5558325,2.019441675,5023970,0.43,863,baja
Coldplay,rock,Los Angeles,Estados Unidos,theater,7231,12,Wednesday,176,164894,4080,96,0.7,4954,0.95,0,22.80376158,0.564237312,15829824,0.77,5568,media
Ed Sheeran,pop,Guadalajara,Mexico,stadium,47962,1,Wednesday,41,999125,3737,94,0.7,26391,0.92,0,20.83159585,0.07791585,93917750,0.89,42686,alta
Siddhartha,indie,Seul,Desconocido,theater,4953,12,Monday,139,123709,1359,85,0.7,1944,0.8,0,24.97657985,0.274379164,10515265,0.37,1833,baja
Adele,pop,Queretaro,Mexico,stadium,56658,6,Monday,152,705950,4126,95,0.7,29026,0.82,0,12.4598468,0.072822902,67065250,0.91,51559,alta
Natanael Cano,corridos,CDMX,Mexico,stadium,77503,2,Sunday,140,2224209,25303,87,0.7,40413,1,0,28.69836006,0.326477685,193506183,0.87,67428,alta
Bad Bunny,reggaeton,Los Angeles,Estados Unidos,club,674,2,Thursday,147,16936,24910,95,0.7,381,0.95,0,25.12759644,36.95845697,1608920,0.41,276,baja
The Weeknd,pop,Madrid,España,festival,69971,12,Wednesday,86,807354,38023,96,0.9,58417,0.9,0,11.53840877,0.543410842,77505984,0.96,67172,alta
Travis Scott,rap,Seul,Desconocido,stadium,56944,6,Wednesday,177,1034790,4225,93,0.7,24429,0.8,0,18.17206378,0.074195701,96235470,0.64,36444,media
Imagine Dragons,rock,Madrid,España,arena,18754,10,Monday,170,339110,4643,94,0.7,12023,0.9,0,18.08200917,0.247573851,31876340,0.77,14441,media
Post Malone,rap,Queretaro,Mexico,festival,47952,12,Thursday,105,1242437,1867,92,0.7,26776,0.82,0,25.91001418,0.038934768,114304204,0.95,45554,alta
Dua Lipa,pop,Leon,Mexico,stadium,63352,9,Sunday,176,1559621,2628,93,0.7,23744,0.78,0,24.61833881,0.04148251,145044753,0.83,52582,alta
Peso Pluma,regional_mexicano,Seul,Desconocido,theater,8607,2,Wednesday,137,90934,2930,93,0.58,2530,0.8,0,10.56512141,0.340420588,8456862,0.27,2324,baja
Banda MS,banda,Bogota,Colombia,stadium,65240,9,Saturday,89,673813,1499,89,0.7,24871,0.88,1,10.32821888,0.022976701,59969357,0.81,52844,alta
Karol G,reggaeton,Madrid,España,club,2401,9,Saturday,128,28081,4145,94,0.7,936,0.9,1,11.69554352,1.726364015,2639614,0.26,624,baja
Drake,rap,Madrid,España,stadium,61376,7,Tuesday,123,1207463,3036,94,0.86,30923,0.9,0,19.67321103,0.049465589,113501522,0.81,49715,alta
Stray Kids,kpop,Seul,Desconocido,club,725,10,Monday,65,10217,4439,91,0.7,354,0.8,0,14.09241379,6.122758621,929747,0.45,326,baja
Calvin Harris,electronica,Los Angeles,Estados Unidos,arena,18318,3,Tuesday,27,404547,2237,94,0.7,7810,0.95,0,22.08467082,0.122120319,38027418,0.58,10624,media
Girl Ultra,indie,Bogota,Colombia,stadium,46978,12,Tuesday,132,870767,3173,78,0.7,17912,0.88,0,18.5356337,0.067542254,67919826,0.35,16442,baja
Karol G,reggaeton,CDMX,Mexico,club,521,10,Wednesday,83,5580,37117,94,0.7,353,1,0,10.71017274,71.24184261,524520,0.5,260,baja
Drake,rap,Los Angeles,Estados Unidos,theater,4299,5,Thursday,63,91176,39236,94,0.86,2181,0.95,0,21.20865318,9.126773668,8570544,0.57,2450,media
Martin Garrix,electronica,Leon,Mexico,festival,90013,10,Saturday,139,2397575,3843,92,0.7,45962,0.78,1,26.63587482,0.042693833,220576900,0.94,84612,alta
Peso Pluma,regional_mexicano,Guadalajara,Mexico,theater,9397,7,Tuesday,35,209350,3919,93,0.58,3623,0.92,0,22.27838672,0.417047994,19469550,0.33,3101,baja
Travis Scott,rap,Bogota,Colombia,festival,74815,11,Monday,87,827368,4527,93,0.7,30138,0.88,0,11.05885183,0.060509256,76945224,0.81,60600,alta
Post Malone,rap,CDMX,Mexico,theater,4795,5,Saturday,8,110167,3518,92,0.7,2975,1,1,22.97539103,0.733680918,10135364,0.71,3404,media
David Guetta,electronica,Los Angeles,Estados Unidos,stadium,57635,9,Friday,84,892357,4363,93,0.82,38958,0.95,1,15.48290102,0.075700529,82989201,0.9,51872,alta
Travis Scott,rap,CDMX,Mexico,arena,16722,3,Sunday,36,241255,3539,93,0.7,11374,1,0,14.42740103,0.211637364,22436715,0.75,12542,media
Travis Scott,rap,Seul,Desconocido,theater,6593,8,Friday,35,79028,4372,93,0.7,3368,0.8,1,11.98665251,0.66312756,7349604,0.47,3099,baja
The Weeknd,pop,Queretaro,Mexico,festival,74551,1,Sunday,118,971264,3720,96,0.9,53429,0.82,0,13.02818205,0.049898727,93241344,0.93,69332,alta
Natanael Cano,corridos,Leon,Mexico,festival,59112,7,Saturday,116,1630054,3258,87,0.7,21815,0.78,1,27.57568683,0.055115713,141814698,0.62,36649,media
BLACKPINK,kpop,Madrid,España,theater,3050,12,Tuesday,98,74981,2974,98,0.7,1374,0.9,0,24.58393443,0.975081967,7348138,0.6,1830,media
Cuco,indie,Seul,Desconocido,theater,9738,5,Saturday,164,248154,4036,82,0.7,4417,0.8,1,25.48305607,0.414458821,20348628,0.48,4674,baja
Grupo Firme,banda,Madrid,España,festival,43563,12,Monday,126,1024463,4205,90,0.78,27883,0.9,0,23.51681473,0.096526869,92201670,0.94,40949,alta
Banda MS,banda,CDMX,Mexico,festival,34750,8,Friday,140,920541,4154,89,0.7,23722,1,1,26.49038849,0.119539568,81928149,0.78,27105,media
Ed Sheeran,pop,Leon,Mexico,arena,22861,2,Tuesday,114,441110,1511,94,0.7,9805,0.78,0,19.29530642,0.066095096,41464340,0.65,14860,media
Adele,pop,CDMX,Mexico,stadium,73932,8,Wednesday,152,1721381,2012,95,0.7,40188,1,0,23.28330087,0.027214197,163531195,0.86,63582,alta
Peso Pluma,regional_mexicano,Madrid,España,arena,15321,11,Wednesday,157,169464,2819,93,0.58,7433,0.9,0,11.06089681,0.183995823,15760152,0.48,7354,baja
Post Malone,rap,Leon,Mexico,theater,9109,2,Tuesday,122,235203,1441,92,0.7,3676,0.78,0,25.82094632,0.158195192,21638676,0.35,3188,baja
Ariana Grande,pop,Madrid,España,club,1015,10,Tuesday,126,19820,1573,95,0.88,816,0.9,0,19.5270936,1.549753695,1882900,0.76,771,media
Los Tigres del Norte,norteno,Guadalajara,Mexico,theater,4751,11,Sunday,146,127680,2672,92,0.74,3084,0.92,0,26.87434224,0.562407914,11746560,0.51,2423,baja
BTS,kpop,Seul,Desconocido,club,2238,2,Sunday,14,44999,3387,99,0.95,1420,0.8,0,20.10679178,1.513404826,4454901,0.87,1947,alta
Martin Garrix,electronica,Bogota,Colombia,arena,24711,10,Sunday,127,636829,2480,92,0.7,13835,0.88,0,25.77107361,0.100360163,58588268,0.73,18039,media
NewJeans,kpop,CDMX,Mexico,festival,36756,12,Tuesday,140,628473,1745,93,0.7,23678,1,0,17.09851453,0.047475242,58447989,0.93,34183,alta
Bad Bunny,reggaeton,Seul,Desconocido,festival,29417,4,Friday,91,742701,3353,95,0.7,10899,0.8,1,25.24733997,0.113981711,70556595,0.58,17062,media
Stray Kids,kpop,Monterrey,Mexico,festival,65179,3,Wednesday,124,872989,3730,91,0.7,40342,0.92,0,13.39371577,0.057227021,79441999,0.95,61920,alta
Imagine Dragons,rock,Bogota,Colombia,stadium,74680,1,Saturday,159,1288854,1802,94,0.7,37940,0.88,1,17.25835565,0.02412962,121152276,0.88,65718,alta
Siddhartha,indie,Seul,Desconocido,theater,6251,11,Wednesday,38,119764,4219,85,0.7,3041,0.8,0,19.15917453,0.674932011,10179940,0.5,3126,baja
Calvin Harris,electronica,Queretaro,Mexico,club,1028,5,Thursday,25,28437,4084,94,0.7,440,0.82,0,27.66245136,3.972762646,2673078,0.35,360,baja
Stray Kids,kpop,Queretaro,Mexico,theater,4379,5,Friday,74,90483,3215,91,0.7,2409,0.82,1,20.66293674,0.734185887,8233953,0.52,2277,baja
David Guetta,electronica,Queretaro,Mexico,arena,19891,7,Saturday,145,478155,2116,93,0.82,10263,0.82,1,24.03876125,0.10637977,44468415,0.65,12929,media
The Weeknd,pop,Queretaro,Mexico,stadium,70800,7,Saturday,27,1721611,3251,96,0.9,32849,0.82,1,24.31653955,0.045918079,165274656,0.79,55932,alta
TWICE,kpop,Madrid,España,theater,9805,4,Friday,52,240192,35454,92,0.84,7211,0.9,1,24.49688934,3.61591025,22097664,0.76,7452,media
Ed Sheeran,pop,Guadalajara,Mexico,club,2324,3,Wednesday,135,31300,2140,94,0.7,972,0.92,0,13.46815835,0.920826162,2942200,0.28,651,baja
Stray Kids,kpop,Guadalajara,Mexico,arena,22010,6,Sunday,167,519884,2412,91,0.7,10238,0.92,0,23.62035438,0.109586552,47309444,0.63,13866,media
BLACKPINK,kpop,Monterrey,Mexico,stadium,37548,9,Saturday,22,996460,4373,98,0.7,25534,0.92,1,26.53829765,0.116464259,97653080,0.96,36046,alta
NewJeans,kpop,Seul,Desconocido,club,1985,5,Sunday,105,51503,2774,93,0.7,1114,0.8,0,25.94609572,1.397481108,4789779,0.54,1072,baja
Banda MS,banda,Monterrey,Mexico,club,1229,2,Monday,79,17803,2342,89,0.7,640,0.92,0,14.48576078,1.905614321,1584467,0.42,516,baja
Drake,rap,Guadalajara,Mexico,festival,39379,1,Wednesday,79,804488,3500,94,0.86,27364,0.92,0,20.42936591,0.08887986,75621872,0.9,35441,alta
Stray Kids,kpop,Los Angeles,Estados Unidos,festival,93082,10,Tuesday,154,2688546,3799,91,0.7,47981,0.95,0,28.88362949,0.040813476,244657686,0.87,80981,alta
BTS,kpop,Bogota,Colombia,theater,8295,5,Monday,4,203368,2051,99,0.95,5368,0.88,0,24.51693791,0.247257384,20133432,0.84,6968,alta
Bad Bunny,reggaeton,Madrid,España,stadium,31085,10,Sunday,17,910146,3512,95,0.7,14844,0.9,0,29.27926653,0.112980537,86463870,0.85,26422,alta
Coldplay,rock,Madrid,España,festival,38749,2,Tuesday,173,418170,39646,96,0.7,22325,0.9,0,10.79176237,1.023148984,40144320,0.71,27512,media
NewJeans,kpop,Los Angeles,Estados Unidos,club,939,3,Sunday,116,9409,2095,93,0.7,574,0.95,0,10.02023429,2.231096912,875037,0.48,451,baja
Imagine Dragons,rock,Queretaro,Mexico,stadium,51565,10,Sunday,56,1546273,4552,94,0.7,27995,0.82,0,29.98687094,0.088276932,145349662,0.93,47955,alta
Drake,rap,CDMX,Mexico,club,1389,8,Saturday,154,31920,28360,94,0.86,1129,1,1,22.98056156,20.41756659,3000480,0.73,1014,media
Coldplay,rock,Monterrey,Mexico,festival,72891,1,Thursday,41,1713301,4546,96,0.7,31141,0.92,0,23.50497318,0.062367096,164476896,0.81,59042,alta
Grupo Firme,banda,Guadalajara,Mexico,arena,16635,2,Thursday,53,372030,1900,90,0.78,9374,0.92,0,22.36429216,0.114217012,33482700,0.67,11145,media
Peso Pluma,regional_mexicano,Bogota,Colombia,festival,97445,3,Monday,76,2682358,2929,93,0.58,31263,0.88,0,27.52689209,0.030057981,249459294,0.8,77956,alta
BLACKPINK,kpop,Madrid,España,arena,10758,6,Thursday,30,269315,3308,98,0.7,5960,0.9,0,25.03392824,0.307492099,26392870,0.68,7315,media
TWICE,kpop,CDMX,Mexico,festival,80721,10,Friday,141,1573299,2887,92,0.84,52942,1,1,19.49057866,0.035765166,144743508,0.87,70227,alta
aespa,kpop,Madrid,España,club,930,1,Friday,89,20112,2836,90,0.7,553,0.9,1,21.62580645,3.049462366,1810080,0.52,484,baja
Post Malone,rap,Madrid,España,theater,5765,6,Tuesday,167,140447,2615,92,0.7,2700,0.9,0,24.36201214,0.453599306,12921124,0.36,2075,baja
Drake,rap,Leon,Mexico,arena,14821,6,Wednesday,119,196786,4040,94,0.86,6567,0.78,0,13.27751164,0.272586195,18497884,0.59,8744,media
Cuco,indie,Queretaro,Mexico,club,758,5,Saturday,160,9204,3494,82,0.7,255,0.82,1,12.14248021,4.609498681,754728,0.29,220,baja
David Guetta,electronica,Leon,Mexico,club,2675,6,Saturday,173,77890,3847,93,0.82,1580,0.78,1,29.11775701,1.438130841,7243770,0.48,1284,baja
Banda MS,banda,Los Angeles,Estados Unidos,theater,9645,7,Monday,168,244938,2984,89,0.7,5299,0.95,0,25.39533437,0.3093831,21799482,0.44,4244,baja
The Weeknd,pop,Los Angeles,Estados Unidos,theater,3558,11,Tuesday,161,64609,4385,96,0.9,2031,0.95,0,18.15879708,1.232433952,6202464,0.81,2882,alta
The Weeknd,pop,Los Angeles,Estados Unidos,club,1145,12,Tuesday,156,14031,3598,96,0.9,646,0.95,0,12.25414847,3.142358079,1346976,0.81,927,alta
Ariana Grande,pop,CDMX,Mexico,festival,20685,3,Wednesday,47,271876,3489,95,0.88,16695,1,0,13.14363065,0.168672951,25828220,0.92,19030,alta
Taylor Swift,pop,Guadalajara,Mexico,stadium,69647,6,Saturday,144,732451,4083,98,0.7,30010,0.92,1,10.51661952,0.058624205,71780198,0.8,55718,alta
David Guetta,electronica,Queretaro,Mexico,stadium,47364,12,Friday,135,1408285,1677,93,0.82,30206,0.82,1,29.73323621,0.035406638,130970505,0.94,44522,alta
aespa,kpop,Madrid,España,theater,7146,12,Friday,84,119552,2226,90,0.7,3921,0.9,1,16.72991884,0.311502939,10759680,0.46,3287,baja
Banda MS,banda,Monterrey,Mexico,club,2028,11,Thursday,178,57257,1485,89,0.7,798,0.92,0,28.23323471,0.732248521,5095873,0.27,548,baja
Taylor Swift,pop,CDMX,Mexico,club,1816,5,Wednesday,165,32176,3011,98,0.7,857,1,0,17.71806167,1.658039648,3153248,0.58,1053,media
Travis Scott,rap,Monterrey,Mexico,arena,21319,10,Sunday,46,464142,3712,93,0.7,13968,0.92,0,21.77128383,0.174116985,43165206,0.78,16629,media
Kendrick Lamar,rap,Leon,Mexico,festival,86161,6,Saturday,157,2388207,3650,95,0.7,36577,0.78,1,27.71795824,0.042362554,226879665,0.86,74098,alta
Imagine Dragons,rock,Queretaro,Mexico,stadium,48181,2,Wednesday,83,530201,1936,94,0.7,21234,0.82,0,11.00435856,0.040181814,49838894,0.64,30836,media
Travis Scott,rap,Guadalajara,Mexico,arena,17291,1,Friday,47,362753,2923,93,0.7,10519,0.92,1,20.97929559,0.169047481,33736029,0.74,12795,media
Arctic Monkeys,rock,Monterrey,Mexico,festival,26451,12,Sunday,149,599656,4401,92,0.7,16867,0.92,0,22.67044724,0.166383124,55168352,0.77,20367,media
BTS,kpop,Leon,Mexico,arena,17004,3,Wednesday,15,242478,3890,99,0.95,13643,0.78,0,14.26005646,0.228769701,24005322,0.97,16494,alta
Natanael Cano,corridos,Guadalajara,Mexico,festival,29603,1,Tuesday,113,790226,2318,87,0.7,16404,0.92,0,26.69411884,0.078302875,68749662,0.73,21610,media
Taylor Swift,pop,Bogota,Colombia,stadium,70408,3,Friday,125,1342199,1954,98,0.7,34824,0.88,1,19.06316044,0.027752528,131535502,0.86,60551,alta
Adele,pop,Madrid,España,club,1416,3,Monday,65,30511,2238,95,0.7,583,0.9,0,21.54731638,1.580508475,2898545,0.28,396,baja
Los Tigres del Norte,norteno,Monterrey,Mexico,club,2153,2,Saturday,174,40927,4090,92,0.74,1348,0.92,1,19.00928936,1.899674872,3765284,0.48,1033,baja
TWICE,kpop,Bogota,Colombia,theater,8072,10,Monday,170,117451,3481,92,0.84,4948,0.88,0,14.55042121,0.431243806,10805492,0.68,5489,media
Ed Sheeran,pop,Bogota,Colombia,stadium,44861,6,Tuesday,72,1317677,2841,94,0.7,21843,0.88,0,29.37243931,0.063328949,123861638,0.87,39029,alta
Dua Lipa,pop,Guadalajara,Mexico,stadium,67269,1,Friday,22,1156864,4550,93,0.7,42620,0.92,1,17.19757987,0.067638883,107588352,0.95,63906,alta
Taylor Swift,pop,Los Angeles,Estados Unidos,stadium,40078,8,Monday,30,1088334,4470,98,0.7,18284,0.95,0,27.15539698,0.111532512,106656732,0.81,32463,alta
Ed Sheeran,pop,Madrid,España,festival,80345,12,Tuesday,157,1358314,29151,94,0.7,41475,0.9,0,16.9060178,0.362822827,127681516,0.88,70704,alta
Stray Kids,kpop,Bogota,Colombia,club,1735,2,Monday,42,48980,3682,91,0.7,637,0.88,0,28.23054755,2.122190202,4457180,0.25,434,baja
Coldplay,rock,Madrid,España,festival,38714,12,Tuesday,60,924546,23473,96,0.7,20157,0.9,0,23.88143824,0.606318128,88756416,0.66,25551,media
The Weeknd,pop,Guadalajara,Mexico,theater,7361,2,Saturday,19,100488,23806,96,0.9,3951,0.92,1,13.65140606,3.234071458,9646848,0.8,5889,alta
Adele,pop,Madrid,España,club,2894,1,Friday,13,31461,2027,95,0.7,1218,0.9,1,10.87111265,0.700414651,2988795,0.29,839,baja
Banda MS,banda,Madrid,España,stadium,44574,9,Saturday,31,1041140,1633,89,0.7,17567,0.9,1,23.3575627,0.036635707,92661460,0.81,36105,alta
TWICE,kpop,Guadalajara,Mexico,club,1088,4,Thursday,65,23606,2837,92,0.84,729,0.92,0,21.69669118,2.607536765,2171752,0.7,762,media
Fuerza Regida,regional_mexicano,Queretaro,Mexico,festival,33850,5,Thursday,43,669053,2481,88,0.7,16854,0.82,0,19.76522895,0.073293944,58876664,0.72,24372,media
Siddhartha,indie,Leon,Mexico,festival,96017,11,Wednesday,110,1101475,4052,85,0.7,40663,0.78,0,11.47166648,0.04220086,93625375,0.9,86415,alta
Siddhartha,indie,Bogota,Colombia,stadium,56646,2,Wednesday,31,964009,2205,85,0.7,32121,0.88,0,17.01813014,0.038925961,81940765,0.77,43617,media
Imagine Dragons,rock,Madrid,España,theater,9367,6,Tuesday,49,94338,1487,94,0.7,4541,0.9,0,10.07131419,0.158748799,8867772,0.36,3372,baja
Martin Garrix,electronica,Los Angeles,Estados Unidos,stadium,53181,6,Saturday,8,600321,31053,92,0.7,25332,0.95,1,11.28826085,0.583911547,55229532,0.84,44672,alta
aespa,kpop,Madrid,España,arena,12651,6,Thursday,67,189457,1612,90,0.7,7466,0.9,0,14.9756541,0.127420757,17051130,0.75,9488,media
Adele,pop,Monterrey,Mexico,festival,39049,9,Thursday,155,1116360,1927,95,0.7,17932,0.92,0,28.58869625,0.049348255,106054200,0.61,23820,media
Adele,pop,Los Angeles,Estados Unidos,club,2439,2,Tuesday,78,29953,2010,95,0.7,1669,0.95,0,12.28085281,0.824108241,2845535,0.54,1317,baja
Los Tigres del Norte,norteno,Monterrey,Mexico,arena,16093,3,Monday,101,446917,2587,92,0.74,6607,0.92,0,27.77089418,0.160753122,41116364,0.56,9012,media
David Guetta,electronica,Madrid,España,arena,21912,7,Saturday,161,389584,1454,93,0.82,16339,0.9,1,17.77948156,0.066356334,36231312,0.77,16872,media
Fuerza Regida,regional_mexicano,Monterrey,Mexico,arena,24202,6,Tuesday,119,669323,3335,88,0.7,9182,0.92,0,27.65568961,0.137798529,58900424,0.26,6293,baja
Siddhartha,indie,Bogota,Colombia,stadium,66045,3,Thursday,72,1716555,2451,85,0.7,36345,0.88,0,25.99068817,0.037111061,145907175,0.95,62743,alta
Grupo Firme,banda,Monterrey,Mexico,arena,23549,1,Wednesday,121,363207,1717,90,0.78,13497,0.92,0,15.42345747,0.072911801,32688630,0.68,16013,media
NewJeans,kpop,CDMX,Mexico,arena,15616,1,Friday,94,455215,4276,93,0.7,11150,1,1,29.15055072,0.273821721,42334995,0.78,12180,media
Taylor Swift,pop,Seul,Desconocido,stadium,30344,3,Monday,101,865551,1548,98,0.7,11377,0.8,0,28.52461772,0.051015028,84823998,0.58,17600,media
Ariana Grande,pop,Leon,Mexico,arena,11813,2,Saturday,38,285865,4375,95,0.88,6927,0.78,1,24.19918734,0.370354694,27157175,0.89,10514,alta
Bad Bunny,reggaeton,Monterrey,Mexico,arena,21933,5,Saturday,92,597222,2670,95,0.7,14575,0.92,1,27.22938039,0.121734373,56736090,0.96,21056,alta
NewJeans,kpop,Seul,Desconocido,theater,8481,4,Monday,145,102617,2031,93,0.7,3911,0.8,0,12.09963448,0.239476477,9543381,0.41,3477,baja
Stray Kids,kpop,Monterrey,Mexico,arena,20089,4,Saturday,180,589819,2586,91,0.7,10987,0.92,1,29.36029668,0.128727164,53673529,0.7,14062,media
Cuco,indie,Queretaro,Mexico,festival,45818,12,Wednesday,30,1108716,2179,82,0.7,20770,0.82,0,24.19826269,0.047557728,90914712,0.71,32531,media
Girl Ultra,indie,Madrid,España,festival,57239,9,Tuesday,145,1505111,2872,78,0.7,24036,0.9,0,26.29520082,0.05017558,117398658,0.66,37778,media
Imagine Dragons,rock,Queretaro,Mexico,festival,87401,6,Sunday,153,2189216,37711,94,0.7,43970,0.82,0,25.0479514,0.431471036,205786304,0.9,78661,alta
Cuco,indie,Leon,Mexico,festival,95217,3,Friday,157,1316645,3929,82,0.7,38919,0.78,1,13.82783537,0.04126364,107964890,0.69,65700,media
Ed Sheeran,pop,CDMX,Mexico,stadium,64430,6,Sunday,148,1256466,4271,94,0.7,44749,1,0,19.50125718,0.066288996,118107804,0.95,61208,alta
Peso Pluma,regional_mexicano,Monterrey,Mexico,festival,77433,10,Tuesday,136,781085,3019,93,0.58,25763,0.92,0,10.08723671,0.038988545,72640905,0.57,44137,media
Dua Lipa,pop,Monterrey,Mexico,theater,3560,10,Tuesday,93,64831,3466,93,0.7,1655,0.92,0,18.21095506,0.973595506,6029283,0.33,1175,baja
Ariana Grande,pop,Guadalajara,Mexico,theater,4126,5,Saturday,127,60299,1862,95,0.88,3420,0.92,1,14.61439651,0.451284537,5728405,0.96,3961,alta
Banda MS,banda,Guadalajara,Mexico,festival,86523,12,Tuesday,81,1910179,2874,89,0.7,52102,0.92,0,22.077124,0.033216601,170005931,0.95,82197,alta
BLACKPINK,kpop,Leon,Mexico,theater,5333,12,Saturday,52,75344,2343,98,0.7,2440,0.78,1,14.12788299,0.439339959,7383712,0.39,2080,baja
Adele,pop,CDMX,Mexico,club,2955,8,Wednesday,156,83969,4284,95,0.7,1826,1,0,28.41590525,1.449746193,7977055,0.7,2068,media
TWICE,kpop,Leon,Mexico,arena,21525,9,Thursday,132,606059,2910,92,0.84,10053,0.78,0,28.1560511,0.135191638,55757428,0.62,13346,media
Girl Ultra,indie,CDMX,Mexico,stadium,67317,2,Friday,175,791488,2275,78,0.7,27002,1,1,11.75762437,0.033795327,61736064,0.6,40390,media
Ed Sheeran,pop,Seul,Desconocido,stadium,63655,11,Monday,42,641159,4555,94,0.7,28772,0.8,0,10.07240594,0.071557615,60268946,0.87,55380,alta
Ed Sheeran,pop,Monterrey,Mexico,arena,11393,11,Wednesday,50,217863,2630,94,0.7,5580,0.92,0,19.12253138,0.2308435,20479122,0.64,7292,media
Karol G,reggaeton,Bogota,Colombia,club,1716,11,Monday,66,26882,2605,94,0.7,907,0.88,0,15.66550117,1.518065268,2526908,0.43,738,baja
The Weeknd,pop,Bogota,Colombia,arena,15334,2,Monday,35,237540,4536,96,0.9,7986,0.88,0,15.49106561,0.295813226,22803840,0.8,12267,alta
Stray Kids,kpop,Madrid,España,theater,7746,6,Sunday,165,148718,4111,91,0.7,4834,0.9,0,19.19932869,0.530725536,13533338,0.54,4183,baja
Natanael Cano,corridos,Madrid,España,club,2927,6,Thursday,48,61761,4015,87,0.7,1755,0.9,0,21.10044414,1.37171165,5373207,0.55,1610,baja
TWICE,kpop,Monterrey,Mexico,theater,4343,6,Saturday,1,49537,3455,92,0.84,2977,0.92,1,11.40617085,0.795533042,4557404,0.71,3084,media
The Weeknd,pop,CDMX,Mexico,arena,13832,11,Saturday,63,302064,2199,96,0.9,10651,1,1,21.83805668,0.158979179,28998144,0.89,12310,alta
Stray Kids,kpop,Madrid,España,club,2536,5,Saturday,144,70239,2353,91,0.7,1148,0.9,1,27.69676656,0.927839117,6391749,0.34,862,baja
Drake,rap,Monterrey,Mexico,club,2458,9,Monday,116,35903,2296,94,0.86,1858,0.92,0,14.60659072,0.934092758,3374882,0.74,1819,media
Clairo,indie,Monterrey,Mexico,stadium,64516,9,Wednesday,111,1004939,2403,80,0.7,31847,0.92,0,15.57658565,0.037246574,80395120,0.71,45806,media
Dua Lipa,pop,Bogota,Colombia,festival,93438,4,Wednesday,175,1276553,3706,93,0.7,38711,0.88,0,13.66203258,0.039662664,118719429,0.82,76619,alta
Clairo,indie,Seul,Desconocido,arena,18200,8,Wednesday,102,300580,3878,80,0.7,8642,0.8,0,16.51538462,0.213076923,24046400,0.52,9464,baja
Natanael Cano,corridos,Bogota,Colombia,festival,55608,10,Sunday,18,1040236,3121,87,0.7,30402,0.88,0,18.70658898,0.056125018,90500532,0.74,41150,media
NewJeans,kpop,Queretaro,Mexico,theater,3490,2,Friday,38,70299,2737,93,0.7,2007,0.82,1,20.14297994,0.784240688,6537807,0.53,1850,baja
Dua Lipa,pop,Monterrey,Mexico,arena,22007,8,Sunday,117,631190,2502,93,0.7,12872,0.92,0,28.68132867,0.113691098,58700670,0.72,15845,media
Arctic Monkeys,rock,Queretaro,Mexico,festival,74049,11,Wednesday,118,1402510,3950,92,0.7,36212,0.82,0,18.94029629,0.053343057,129030920,0.9,66644,alta
Coldplay,rock,Madrid,España,festival,37681,7,Sunday,128,525313,2509,96,0.7,19102,0.9,0,13.94105783,0.066585282,50430048,0.65,24493,media
Taylor Swift,pop,Bogota,Colombia,club,1076,9,Saturday,2,31425,4223,98,0.7,695,0.88,1,29.20539033,3.92472119,3079650,0.77,829,media
Natanael Cano,corridos,CDMX,Mexico,festival,90814,6,Sunday,125,2487779,4318,87,0.7,57503,1,0,27.39422336,0.047547735,216436773,0.95,86273,alta
Siddhartha,indie,CDMX,Mexico,arena,10163,2,Monday,45,279760,2527,85,0.7,4054,1,0,27.52730493,0.248647053,23779600,0.26,2642,baja
Los Tigres del Norte,norteno,Madrid,España,theater,7117,6,Saturday,175,107034,3802,92,0.74,2886,0.9,1,15.03920191,0.534213854,9847128,0.57,4057,media
Karol G,reggaeton,Monterrey,Mexico,arena,13423,5,Wednesday,9,277266,2602,94,0.7,6658,0.92,0,20.65603814,0.193846383,26063004,0.64,8591,media
TWICE,kpop,Bogota,Colombia,festival,39418,10,Monday,118,792459,2736,92,0.84,27202,0.88,0,20.10398803,0.069409914,72906228,0.94,37053,alta
Martin Garrix,electronica,Los Angeles,Estados Unidos,stadium,48176,3,Saturday,87,665612,3246,92,0.7,32253,0.95,1,13.81625706,0.067377948,61236304,0.97,46731,alta
Calvin Harris,electronica,Leon,Mexico,festival,61644,4,Sunday,9,726476,2819,94,0.7,22706,0.78,0,11.78502368,0.045730322,68288744,0.82,50548,alta
Imagine Dragons,rock,Leon,Mexico,club,1263,2,Friday,75,20739,1955,94,0.7,595,0.78,1,16.42042755,1.547901821,1949466,0.43,543,baja
Siddhartha,indie,Bogota,Colombia,stadium,44584,5,Monday,120,814525,2176,85,0.7,19175,0.88,0,18.26944644,0.048806747,69234625,0.64,28534,media
Grupo Firme,banda,CDMX,Mexico,festival,31613,1,Wednesday,101,459410,3128,90,0.78,24111,1,0,14.53231266,0.098946636,41346900,0.96,30348,alta
Adele,pop,CDMX,Mexico,club,901,8,Sunday,177,12568,34216,95,0.7,617,1,0,13.94894562,37.97558269,1193960,0.5,450,baja
Kendrick Lamar,rap,CDMX,Mexico,theater,6028,12,Saturday,141,171889,1939,95,0.7,4118,1,1,28.51509622,0.321665561,16329455,0.74,4461,media
Stray Kids,kpop,Guadalajara,Mexico,festival,32543,4,Sunday,46,630974,1627,91,0.7,16419,0.92,0,19.38893157,0.049995391,57418634,0.66,21478,media
aespa,kpop,Guadalajara,Mexico,club,1517,4,Saturday,24,17456,2200,90,0.7,736,0.92,1,11.50692156,1.450230719,1571040,0.37,561,baja
Kendrick Lamar,rap,Queretaro,Mexico,club,1610,1,Wednesday,163,46016,3315,95,0.7,679,0.82,0,28.58136646,2.059006211,4371520,0.33,531,baja
Siddhartha,indie,Queretaro,Mexico,arena,11334,6,Saturday,40,170359,3811,85,0.7,3735,0.82,1,15.03079231,0.336244927,14480515,0.27,3060,baja
David Guetta,electronica,Madrid,España,festival,24370,3,Sunday,109,650694,2777,93,0.82,17381,0.9,0,26.70061551,0.11395158,60514542,0.95,23152,alta
Arctic Monkeys,rock,Los Angeles,Estados Unidos,arena,14899,5,Saturday,64,222564,21492,92,0.7,9259,0.95,1,14.93818377,1.44251292,20475888,0.74,11025,media
Dua Lipa,pop,CDMX,Mexico,theater,7262,2,Sunday,110,110064,3624,93,0.7,5200,1,0,15.15615533,0.499036078,10235952,0.55,3994,baja
Ariana Grande,pop,Queretaro,Mexico,stadium,48450,6,Friday,126,975394,3873,95,0.88,36485,0.82,1,20.1319711,0.07993808,92662430,0.97,46996,alta
Clairo,indie,Bogota,Colombia,theater,4907,8,Tuesday,81,86425,1236,80,0.7,2176,0.88,0,17.61259425,0.251885062,6914000,0.42,2061,baja
Peso Pluma,regional_mexicano,Queretaro,Mexico,festival,70340,3,Saturday,9,1372235,22112,93,0.58,30989,0.82,1,19.50860108,0.314358829,127617855,0.73,51348,media
Ed Sheeran,pop,Seul,Desconocido,club,995,2,Thursday,96,15680,2127,94,0.7,563,0.8,0,15.75879397,2.137688442,1473920,0.53,527,baja
Siddhartha,indie,Leon,Mexico,theater,8523,7,Friday,157,133337,2491,85,0.7,4083,0.78,1,15.64437405,0.292267981,11333645,0.5,4262,baja
Imagine Dragons,rock,Monterrey,Mexico,club,2943,11,Friday,166,70603,2986,94,0.7,1356,0.92,1,23.99014611,1.014610941,6636682,0.32,942,baja
Ed Sheeran,pop,Madrid,España,theater,7287,11,Wednesday,34,200553,1593,94,0.7,3680,0.9,0,27.52202552,0.218608481,18851982,0.66,4809,media
Dua Lipa,pop,Leon,Mexico,stadium,78314,1,Saturday,108,1847222,22126,93,0.7,28159,0.78,1,23.58737901,0.282529305,171791646,0.81,63434,alta
Adele,pop,Leon,Mexico,theater,5883,9,Friday,51,156886,2623,95,0.7,3294,0.78,1,26.66768655,0.445860955,14904170,0.77,4530,media
Bad Bunny,reggaeton,Bogota,Colombia,stadium,74825,11,Tuesday,153,1171898,3984,95,0.7,40406,0.88,0,15.66185099,0.053244237,111330310,0.9,67342,alta
Ariana Grande,pop,Monterrey,Mexico,club,604,9,Sunday,52,10155,2109,95,0.88,350,0.92,0,16.81291391,3.491721854,964725,0.61,368,media
Cuco,indie,Leon,Mexico,theater,6421,1,Monday,13,89094,3035,82,0.7,2738,0.78,0,13.87540881,0.472667809,7305708,0.45,2889,baja
NewJeans,kpop,Bogota,Colombia,festival,74588,12,Sunday,74,2101981,2677,93,0.7,39660,0.88,0,28.18122218,0.035890492,195484233,0.9,67129,alta
Karol G,reggaeton,CDMX,Mexico,theater,7095,9,Thursday,41,113128,37417,94,0.7,3787,1,0,15.94474982,5.273713883,10634032,0.36,2554,baja
Los Tigres del Norte,norteno,Bogota,Colombia,festival,72189,10,Saturday,148,1576314,2121,92,0.74,30322,0.88,1,21.83593068,0.029381208,145020888,0.81,58473,alta
Taylor Swift,pop,CDMX,Mexico,arena,10098,4,Wednesday,173,104093,3319,98,0.7,6596,1,0,10.30827887,0.328678946,10201114,0.71,7170,media
NewJeans,kpop,Guadalajara,Mexico,stadium,53784,2,Thursday,83,676565,3646,93,0.7,28480,0.92,0,12.57929868,0.067789677,62920545,0.88,47330,alta
Arctic Monkeys,rock,Madrid,España,arena,13673,5,Thursday,113,225333,3279,92,0.7,7905,0.9,0,16.48014335,0.239815695,20730636,0.48,6563,baja
TWICE,kpop,Monterrey,Mexico,theater,7660,1,Monday,120,115445,4472,92,0.84,4815,0.92,0,15.07114883,0.58381201,10620940,0.67,5132,media
Natanael Cano,corridos,Bogota,Colombia,theater,4985,1,Friday,162,56157,2085,87,0.7,2761,0.88,1,11.26519559,0.418254764,4885659,0.51,2542,baja
Dua Lipa,pop,CDMX,Mexico,festival,43579,7,Saturday,169,565429,3887,93,0.7,25486,1,1,12.97480438,0.089194337,52584897,0.89,38785,alta
Siddhartha,indie,Madrid,España,festival,55748,12,Wednesday,124,567288,2876,85,0.7,26940,0.9,0,10.17593456,0.051589295,48219480,0.68,37909,media
Natanael Cano,corridos,Monterrey,Mexico,stadium,76156,2,Thursday,148,952803,4094,87,0.7,44567,0.92,0,12.51120069,0.053758076,82893861,0.95,72348,alta
Peso Pluma,regional_mexicano,Los Angeles,Estados Unidos,theater,6917,6,Saturday,15,175063,33227,93,0.58,2947,0.95,1,25.30909354,4.803672112,16280859,0.37,2559,baja
Post Malone,rap,Madrid,España,festival,87180,2,Friday,8,2006497,4358,92,0.7,35891,0.9,1,23.0155655,0.049988529,184597724,0.81,70616,alta
Peso Pluma,regional_mexicano,Los Angeles,Estados Unidos,festival,81103,10,Wednesday,33,1538534,2651,93,0.58,27552,0.95,0,18.97012441,0.03268683,143083662,0.8,64882,alta
Siddhartha,indie,Monterrey,Mexico,festival,59059,4,Friday,125,1279096,3565,85,0.7,32000,0.92,1,21.65793529,0.060363365,108723160,0.93,54925,alta
Imagine Dragons,rock,Leon,Mexico,theater,6645,12,Thursday,59,76160,2927,94,0.7,3169,0.78,0,11.46124906,0.440481565,7159040,0.44,2924,baja
TWICE,kpop,CDMX,Mexico,club,2791,8,Saturday,8,36645,4176,92,0.84,2085,1,1,13.12970262,1.496237908,3371340,0.71,1982,media
aespa,kpop,Monterrey,Mexico,club,2594,2,Thursday,102,77104,4337,90,0.7,1121,0.92,0,29.72397841,1.671935235,6939360,0.61,1582,media
Banda MS,banda,Bogota,Colombia,festival,52759,2,Tuesday,100,1162453,1908,89,0.7,20576,0.88,0,22.03326447,0.036164446,103458317,0.81,42735,alta
Taylor Swift,pop,Madrid,España,club,2045,7,Friday,176,42520,2019,98,0.7,829,0.9,1,20.79217604,0.987286064,4166960,0.25,511,baja
Arctic Monkeys,rock,Madrid,España,stadium,58795,6,Tuesday,81,993385,2967,92,0.7,27527,0.9,0,16.89573943,0.050463475,91391420,0.85,49976,alta
Kendrick Lamar,rap,Guadalajara,Mexico,arena,16232,4,Thursday,137,334234,3458,95,0.7,9091,0.92,0,20.59105471,0.213035978,31752230,0.69,11200,media
Karol G,reggaeton,Queretaro,Mexico,stadium,65969,12,Sunday,125,987479,3421,94,0.7,29419,0.82,0,14.96883385,0.051857691,92823026,0.65,42880,media
Ariana Grande,pop,Guadalajara,Mexico,festival,26501,5,Wednesday,82,370496,3694,95,0.88,17261,0.92,0,13.98045357,0.139390966,35197120,0.87,23056,alta
Girl Ultra,indie,Leon,Mexico,theater,4794,7,Sunday,47,55287,3178,78,0.7,2158,0.78,0,11.53254068,0.662911973,4312386,0.52,2493,baja
Siddhartha,indie,Los Angeles,Estados Unidos,theater,9009,9,Wednesday,44,116914,3709,85,0.7,4108,0.95,0,12.97746698,0.411699412,9937690,0.35,3153,baja
Banda MS,banda,CDMX,Mexico,arena,19671,6,Saturday,139,344033,3591,89,0.7,10800,1,1,17.4893498,0.182552997,30618937,0.67,13180,media
Ed Sheeran,pop,Monterrey,Mexico,festival,95670,2,Friday,123,2407502,29215,94,0.7,58068,0.92,1,25.16464932,0.305372635,226305188,0.93,88973,alta
Natanael Cano,corridos,Seul,Desconocido,club,557,12,Wednesday,114,13750,2741,87,0.7,225,0.8,0,24.68581688,4.921005386,1196250,0.37,206,baja
David Guetta,electronica,Bogota,Colombia,arena,18648,2,Monday,114,474439,4505,93,0.82,11638,0.88,0,25.44181682,0.241580867,44122827,0.7,13054,media
Kendrick Lamar,rap,CDMX,Mexico,arena,24007,4,Sunday,96,303977,2137,95,0.7,16572,1,0,12.66201525,0.089015704,28877815,0.95,22807,alta
Bad Bunny,reggaeton,Madrid,España,theater,8953,4,Friday,121,97211,4086,95,0.7,5772,0.9,1,10.85792472,0.456383335,9235045,0.53,4745,baja
Ed Sheeran,pop,Bogota,Colombia,club,576,11,Monday,57,6489,4633,94,0.7,239,0.88,0,11.265625,8.043402778,609966,0.29,167,baja
Drake,rap,Madrid,España,stadium,57512,12,Tuesday,65,1215360,2100,94,0.86,44645,0.9,0,21.13228544,0.036514119,114243840,0.96,55212,alta
Clairo,indie,Monterrey,Mexico,festival,72141,11,Saturday,42,968388,3015,80,0.7,32389,0.92,1,13.42354556,0.041793155,77471040,0.67,48334,media
BTS,kpop,Monterrey,Mexico,stadium,74925,7,Wednesday,59,1632504,1533,99,0.95,49673,0.92,0,21.78850851,0.02046046,161617896,0.84,62937,alta
The Weeknd,pop,Guadalajara,Mexico,stadium,67361,4,Friday,154,1378700,4331,96,0.9,45866,0.92,1,20.46733273,0.064295364,132355200,0.87,58604,alta
Girl Ultra,indie,Los Angeles,Estados Unidos,club,2256,4,Tuesday,29,44871,27590,78,0.7,1277,0.95,0,19.88962766,12.22960993,3499938,0.54,1218,baja
The Weeknd,pop,Los Angeles,Estados Unidos,arena,10571,2,Sunday,16,272190,2094,96,0.9,7563,0.95,0,25.74874657,0.198089112,26130240,0.88,9302,alta
Kendrick Lamar,rap,CDMX,Mexico,theater,9618,4,Monday,169,163619,2700,95,0.7,5104,1,0,17.0117488,0.280723643,15543805,0.63,6059,media
Post Malone,rap,CDMX,Mexico,stadium,66532,8,Monday,126,1521591,3429,92,0.7,40063,1,0,22.87006253,0.051539109,139986372,0.9,59879,alta
The Weeknd,pop,Seul,Desconocido,club,1726,3,Saturday,6,20298,4180,96,0.9,904,0.8,1,11.76013905,2.421784473,1948608,0.61,1053,media
BTS,kpop,Seul,Desconocido,stadium,79147,9,Monday,43,2039765,3103,99,0.95,40741,0.8,0,25.7718549,0.039205529,201936735,0.8,63318,alta
Calvin Harris,electronica,Guadalajara,Mexico,arena,18481,5,Sunday,28,484031,4327,94,0.7,7921,0.92,0,26.19073643,0.234132352,45498914,0.59,10904,media
Karol G,reggaeton,Monterrey,Mexico,theater,5927,7,Tuesday,140,119255,2006,94,0.7,2539,0.92,0,20.12063439,0.338451156,11209970,0.59,3497,media
Peso Pluma,regional_mexicano,Madrid,España,festival,73503,9,Tuesday,112,1189803,2092,93,0.58,25633,0.9,0,16.18713522,0.028461423,110651679,0.59,43367,media
aespa,kpop,Queretaro,Mexico,stadium,78726,3,Wednesday,40,2074838,4002,90,0.7,28976,0.82,0,26.35518126,0.05083454,186735420,0.81,63768,alta
Dua Lipa,pop,Leon,Mexico,festival,78707,6,Monday,45,1513846,1597,93,0.7,37504,0.78,0,19.23394361,0.020290444,140787678,0.91,71623,alta
Arctic Monkeys,rock,Seul,Desconocido,theater,8820,10,Monday,146,102933,3579,92,0.7,3326,0.8,0,11.67040816,0.405782313,9469836,0.3,2646,baja
Stray Kids,kpop,Los Angeles,Estados Unidos,festival,33984,11,Saturday,159,356982,3297,91,0.7,16566,0.95,1,10.50441384,0.097016243,32485362,0.64,21750,media
Banda MS,banda,Leon,Mexico,theater,7016,4,Thursday,95,193246,3020,89,0.7,3592,0.78,0,27.5436146,0.430444698,17198894,0.52,3648,baja
BTS,kpop,Leon,Mexico,festival,93865,11,Wednesday,83,2257519,4741,99,0.95,59444,0.78,0,24.05070047,0.050508709,223494381,0.88,82601,alta
Banda MS,banda,Leon,Mexico,festival,79691,3,Sunday,111,961521,4044,89,0.7,36804,0.78,0,12.06561594,0.050746006,85575369,0.91,72519,alta
Arctic Monkeys,rock,Leon,Mexico,arena,23347,1,Friday,10,287113,3456,92,0.7,8532,0.78,1,12.29763995,0.148027584,26414396,0.3,7004,baja
Arctic Monkeys,rock,Bogota,Colombia,stadium,39427,9,Sunday,172,501237,4442,92,0.7,16457,0.88,0,12.71303929,0.112663911,46113804,0.6,23656,media
Karol G,reggaeton,Monterrey,Mexico,festival,96165,3,Monday,166,2748227,28555,94,0.7,38910,0.92,0,28.57824572,0.296937555,258333338,0.8,76932,alta
Karol G,reggaeton,Queretaro,Mexico,stadium,72549,8,Saturday,65,2098298,1869,94,0.7,28420,0.82,1,28.92249376,0.025761899,197240012,0.82,59490,alta
Fuerza Regida,regional_mexicano,Madrid,España,theater,3373,8,Saturday,103,40862,4012,88,0.7,1450,0.9,1,12.11443819,1.189445597,3595856,0.33,1113,baja
Banda MS,banda,Los Angeles,Estados Unidos,stadium,62996,4,Friday,122,1543608,3580,89,0.7,27205,0.95,1,24.50327005,0.056829005,137381112,0.82,51657,alta
BTS,kpop,CDMX,Mexico,club,2441,2,Wednesday,130,51703,4562,99,0.95,1584,1,0,21.18107333,1.868906186,5118597,0.81,1977,alta
Girl Ultra,indie,Leon,Mexico,arena,19432,2,Tuesday,57,373439,1457,78,0.7,5828,0.78,0,19.21773364,0.074979415,29128242,0.29,5635,baja
BTS,kpop,Monterrey,Mexico,arena,15031,1,Sunday,16,306079,4414,99,0.95,11150,0.92,0,20.36318276,0.29365977,30301821,0.87,13077,alta
BTS,kpop,Monterrey,Mexico,arena,19220,12,Monday,163,252102,3788,99,0.95,12354,0.92,0,13.11664932,0.197086368,24958098,0.83,15953,alta
Taylor Swift,pop,Bogota,Colombia,stadium,63266,1,Friday,17,729808,2357,98,0.7,31086,0.88,1,11.53554832,0.037255398,71521184,0.86,54409,alta
BLACKPINK,kpop,Los Angeles,Estados Unidos,arena,14252,7,Friday,51,357129,2099,98,0.7,8141,0.95,1,25.05816727,0.147277575,34998642,0.67,9549,media
NewJeans,kpop,Leon,Mexico,theater,6946,12,Tuesday,122,181949,3679,93,0.7,3388,0.78,0,26.19478837,0.529657357,16921257,0.46,3195,baja
Travis Scott,rap,Monterrey,Mexico,club,1609,1,Friday,18,31953,3036,93,0.7,643,0.92,1,19.85891858,1.886886265,2971629,0.57,917,media
Natanael Cano,corridos,Queretaro,Mexico,theater,9701,12,Saturday,71,101593,37866,87,0.7,4892,0.82,1,10.47242552,3.903308937,8838591,0.49,4753,baja
Girl Ultra,indie,Guadalajara,Mexico,club,1397,2,Sunday,42,21936,1481,78,0.7,654,0.92,0,15.70221904,1.060128848,1711008,0.44,615,baja
Natanael Cano,corridos,Bogota,Colombia,arena,22552,6,Sunday,158,521554,2102,87,0.7,8301,0.88,0,23.12672934,0.093206811,45375198,0.27,6089,baja
BLACKPINK,kpop,Leon,Mexico,club,2541,11,Thursday,53,47573,4142,98,0.7,1418,0.78,0,18.72215663,1.630066903,4662154,0.75,1906,media
Natanael Cano,corridos,Guadalajara,Mexico,club,818,1,Thursday,165,18225,1884,87,0.7,488,0.92,0,22.2799511,2.303178484,1585575,0.53,434,baja
Los Tigres del Norte,norteno,Seul,Desconocido,theater,8905,2,Wednesday,139,243170,2976,92,0.74,3286,0.8,0,27.30713083,0.334194273,22371640,0.27,2404,baja
NewJeans,kpop,Guadalajara,Mexico,arena,21991,12,Friday,139,431306,3570,93,0.7,10202,0.92,1,19.61284162,0.162339139,40111458,0.62,13634,media
Martin Garrix,electronica,Queretaro,Mexico,club,1124,2,Saturday,173,27880,39919,92,0.7,601,0.82,1,24.80427046,35.51512456,2564960,0.49,551,baja
Fuerza Regida,regional_mexicano,Leon,Mexico,theater,7067,8,Friday,163,190620,27238,88,0.7,3350,0.78,1,26.97325598,3.854252158,16774560,0.47,3321,baja
BTS,kpop,Madrid,España,stadium,58328,6,Friday,174,1370148,1545,99,0.95,36191,0.9,1,23.49039912,0.026488136,135644652,0.82,47829,alta
aespa,kpop,CDMX,Mexico,club,2681,4,Wednesday,164,71601,3392,90,0.7,1257,1,0,26.70682581,1.265199552,6444090,0.31,831,baja
Drake,rap,Guadalajara,Mexico,club,939,12,Sunday,81,17561,23246,94,0.86,570,0.92,0,18.70181044,24.75612354,1650734,0.64,601,media
Calvin Harris,electronica,Bogota,Colombia,arena,11107,9,Sunday,7,189957,2207,94,0.7,5583,0.88,0,17.10245791,0.19870352,17855958,0.67,7442,media
aespa,kpop,CDMX,Mexico,arena,22264,2,Saturday,131,332769,2088,90,0.7,13019,1,1,14.94650557,0.093783687,29949210,0.7,15585,media
Coldplay,rock,Guadalajara,Mexico,stadium,79515,6,Monday,39,2135144,3414,96,0.7,40115,0.92,0,26.8520908,0.042935295,204973824,0.86,68383,alta
Dua Lipa,pop,Leon,Mexico,arena,11094,7,Sunday,59,241235,2022,93,0.7,4834,0.78,0,21.74463674,0.182260681,22434855,0.39,4327,baja
Post Malone,rap,Leon,Mexico,theater,6573,3,Tuesday,130,128316,3215,92,0.7,3257,0.78,0,19.5216796,0.489122166,11805072,0.47,3089,baja
Kendrick Lamar,rap,CDMX,Mexico,arena,18496,11,Wednesday,45,403596,2058,95,0.7,8198,1,0,21.82071799,0.111267301,38341620,0.57,10543,media
Stray Kids,kpop,Leon,Mexico,stadium,77935,1,Thursday,174,1149177,2526,91,0.7,29569,0.78,0,14.74532623,0.032411625,104575107,0.84,65465,alta
Dua Lipa,pop,Leon,Mexico,theater,7705,4,Friday,146,125877,2818,93,0.7,3799,0.78,1,16.33705386,0.365736535,11706561,0.46,3544,baja
Girl Ultra,indie,Leon,Mexico,festival,44639,2,Tuesday,29,1105990,1947,78,0.7,20015,0.78,0,24.77631667,0.043616568,86267220,0.76,33926,media
Drake,rap,Los Angeles,Estados Unidos,club,744,11,Thursday,152,19622,3287,94,0.86,503,0.95,0,26.37365591,4.418010753,1844468,0.67,498,media
David Guetta,electronica,Leon,Mexico,festival,95604,11,Monday,110,2405453,2425,93,0.82,50581,0.78,0,25.16058952,0.025365047,223707129,0.89,85088,alta
aespa,kpop,Leon,Mexico,theater,6128,7,Sunday,86,69382,3773,90,0.7,2103,0.78,0,11.32212794,0.615698433,6244380,0.28,1716,baja
Travis Scott,rap,Monterrey,Mexico,festival,81881,11,Saturday,136,1950610,1773,93,0.7,41750,0.92,1,23.8224985,0.021653375,181406730,0.87,71236,alta
Taylor Swift,pop,Leon,Mexico,theater,7616,5,Saturday,113,214943,1994,98,0.7,3626,0.78,1,28.22255777,0.261817227,21064414,0.68,5179,media
Drake,rap,Guadalajara,Mexico,club,1751,11,Wednesday,89,33101,3260,94,0.86,989,0.92,0,18.90405483,1.861793261,3111494,0.61,1068,media
Taylor Swift,pop,Madrid,España,arena,19890,1,Tuesday,153,459644,4124,98,0.7,9470,0.9,0,23.10930116,0.207340372,45045112,0.62,12332,media
Karol G,reggaeton,Bogota,Colombia,festival,42331,6,Monday,59,1235203,29238,94,0.7,20094,0.88,0,29.17963195,0.690699487,116109082,0.64,27092,media
Calvin Harris,electronica,Monterrey,Mexico,arena,21027,12,Friday,100,359630,2398,94,0.7,8389,0.92,1,17.1032482,0.114043848,33805220,0.56,11775,media
Peso Pluma,regional_mexicano,Guadalajara,Mexico,stadium,47761,5,Thursday,46,1149361,3961,93,0.58,18841,0.92,0,24.0648437,0.082933774,106890573,0.63,30089,media
Cuco,indie,Bogota,Colombia,festival,76718,6,Friday,115,1024942,1816,82,0.7,28876,0.88,1,13.3598634,0.023671107,84045244,0.61,46798,media
Calvin Harris,electronica,Los Angeles,Estados Unidos,arena,10773,1,Saturday,176,175318,3347,94,0.7,5370,0.95,1,16.27383273,0.310684118,16479892,0.35,3771,baja
Coldplay,rock,Los Angeles,Estados Unidos,theater,7321,3,Friday,125,181009,2863,96,0.7,3290,0.95,1,24.72462778,0.391066794,17376864,0.59,4319,media
David Guetta,electronica,Queretaro,Mexico,theater,5450,6,Wednesday,113,161420,2794,93,0.82,3581,0.82,0,29.61834862,0.51266055,15012060,0.76,4142,media
Clairo,indie,Leon,Mexico,theater,8082,7,Tuesday,31,170361,1743,80,0.7,3238,0.78,0,21.07906459,0.215664439,13628880,0.43,3475,baja
aespa,kpop,Madrid,España,festival,81526,5,Thursday,108,876414,1376,90,0.7,44173,0.9,0,10.75011653,0.016878051,78877260,0.91,74189,alta
The Weeknd,pop,Monterrey,Mexico,festival,80949,11,Monday,89,2363286,30882,96,0.9,64675,0.92,0,29.19475225,0.381499463,226875456,0.93,75283,alta
Drake,rap,Bogota,Colombia,arena,15282,7,Thursday,60,157860,4039,94,0.86,9505,0.88,0,10.32979976,0.264297867,14838840,0.88,13448,alta
Dua Lipa,pop,Bogota,Colombia,festival,93141,6,Sunday,144,1001750,4183,93,0.7,36770,0.88,0,10.75519911,0.044910405,93162750,0.81,75444,alta
Kendrick Lamar,rap,Bogota,Colombia,arena,22938,5,Tuesday,90,575713,20478,95,0.7,11970,0.88,0,25.09865725,0.892754381,54692735,0.68,15598,media
Kendrick Lamar,rap,Leon,Mexico,club,581,9,Monday,32,6847,3356,95,0.7,275,0.78,0,11.7848537,5.776247849,650465,0.43,250,baja
Ariana Grande,pop,Seul,Desconocido,theater,6741,5,Tuesday,34,111325,4427,95,0.88,4443,0.8,0,16.51461208,0.656727489,10575875,0.72,4854,media
Drake,rap,Seul,Desconocido,arena,18501,2,Saturday,57,462453,3804,94,0.86,10101,0.8,1,24.99610832,0.205610508,43470582,0.87,16096,alta
Bad Bunny,reggaeton,Leon,Mexico,arena,15183,3,Monday,107,378307,3587,95,0.7,5571,0.78,0,24.91648554,0.23625107,35939165,0.29,4403,baja
aespa,kpop,CDMX,Mexico,stadium,62983,3,Monday,98,917325,33631,90,0.7,30859,1,0,14.56464443,0.533969484,82559250,0.84,52906,alta
Coldplay,rock,Leon,Mexico,stadium,71126,9,Tuesday,137,830973,1945,96,0.7,30324,0.78,0,11.68311166,0.027345837,79773408,0.86,61168,alta
Peso Pluma,regional_mexicano,Madrid,España,theater,4570,3,Saturday,93,51362,2354,93,0.58,2087,0.9,1,11.23894967,0.515098468,4776666,0.44,2011,baja
Fuerza Regida,regional_mexicano,Bogota,Colombia,stadium,59990,3,Thursday,142,1154224,1921,88,0.7,29490,0.88,0,19.24027338,0.032022004,101571712,0.89,53391,alta
Imagine Dragons,rock,Seul,Desconocido,stadium,75882,1,Friday,127,1013829,3370,94,0.7,32365,0.8,1,13.36059935,0.044411059,95299926,0.85,64500,alta
Cuco,indie,Leon,Mexico,club,1281,2,Thursday,139,32389,1308,82,0.7,627,0.78,0,25.28415301,1.021077283,2655898,0.55,705,baja
Arctic Monkeys,rock,Madrid,España,club,2804,4,Thursday,176,56397,2599,92,0.7,1499,0.9,0,20.11305278,0.926890157,5188524,0.43,1206,baja
Banda MS,banda,Guadalajara,Mexico,arena,11474,7,Wednesday,63,334103,3030,89,0.7,4977,0.92,0,29.11826739,0.264075301,29735167,0.32,3672,baja
Imagine Dragons,rock,Queretaro,Mexico,club,2120,6,Tuesday,63,54588,2662,94,0.7,796,0.82,0,25.7490566,1.255660377,5131272,0.28,594,baja
Girl Ultra,indie,Queretaro,Mexico,club,1995,9,Saturday,155,48595,2779,78,0.7,642,0.82,1,24.35839599,1.392982456,3790410,0.3,598,baja
Arctic Monkeys,rock,Bogota,Colombia,arena,16816,12,Wednesday,101,439907,4528,92,0.7,7249,0.88,0,26.16002617,0.269267364,40471444,0.61,10258,media
Fuerza Regida,regional_mexicano,Guadalajara,Mexico,theater,3873,4,Monday,149,41961,2767,88,0.7,1585,0.92,0,10.83423703,0.714433256,3692568,0.3,1162,baja
Martin Garrix,electronica,Guadalajara,Mexico,stadium,64049,8,Saturday,180,1494973,3980,92,0.7,27852,0.92,1,23.34108261,0.062139924,137537516,0.6,38429,media
Los Tigres del Norte,norteno,Guadalajara,Mexico,theater,7799,6,Tuesday,97,109204,28965,92,0.74,3802,0.92,0,14.00230799,3.713937684,10046768,0.62,4835,media
Arctic Monkeys,rock,Bogota,Colombia,theater,7920,8,Tuesday,160,168138,3159,92,0.7,3268,0.88,0,21.22954545,0.398863636,15468696,0.3,2376,baja
Ed Sheeran,pop,Seul,Desconocido,theater,9244,11,Saturday,24,225309,2072,94,0.7,5127,0.8,1,24.37353959,0.224145392,21179046,0.52,4807,baja
Imagine Dragons,rock,CDMX,Mexico,theater,6810,2,Saturday,75,171180,4206,94,0.7,3074,1,1,25.13656388,0.617621145,16090920,0.58,3950,media
David Guetta,electronica,Bogota,Colombia,arena,23759,6,Thursday,60,512580,2466,93,0.82,14127,0.88,0,21.57414033,0.103792247,47669940,0.88,20908,alta
Girl Ultra,indie,Bogota,Colombia,theater,6332,2,Wednesday,80,72708,2329,78,0.7,2539,0.88,0,11.48262792,0.367814277,5671224,0.37,2343,baja
Stray Kids,kpop,Los Angeles,Estados Unidos,theater,8931,6,Wednesday,42,192528,3025,91,0.7,5902,0.95,0,21.55727242,0.338707871,17520048,0.54,4823,baja
Girl Ultra,indie,Leon,Mexico,club,2471,5,Tuesday,12,47586,1417,78,0.7,737,0.78,0,19.25779037,0.573452044,3711708,0.28,692,baja
David Guetta,electronica,CDMX,Mexico,theater,7461,8,Tuesday,90,189646,4450,93,0.82,4717,1,0,25.41830854,0.596434794,17637078,0.86,6416,alta
Taylor Swift,pop,CDMX,Mexico,theater,5381,2,Sunday,168,101212,3447,98,0.7,4010,1,0,18.80914328,0.640587251,9918776,0.77,4143,media
Arctic Monkeys,rock,Los Angeles,Estados Unidos,theater,4097,9,Wednesday,154,74304,2451,92,0.7,2605,0.95,0,18.13619722,0.598242617,6835968,0.75,3073,media
Stray Kids,kpop,Guadalajara,Mexico,stadium,76463,1,Friday,60,1127049,3628,91,0.7,45603,0.92,1,14.73979572,0.047447785,102561459,0.94,71875,alta
Natanael Cano,corridos,Los Angeles,Estados Unidos,stadium,36638,11,Friday,108,625663,1438,87,0.7,16238,0.95,1,17.07688738,0.039248867,54432681,0.62,22716,media
Siddhartha,indie,Queretaro,Mexico,stadium,60834,1,Saturday,25,1824005,1914,85,0.7,21575,0.82,1,29.98331525,0.031462669,155040425,0.6,36500,media
Fuerza Regida,regional_mexicano,Queretaro,Mexico,arena,10325,1,Thursday,143,281561,4302,88,0.7,4959,0.82,0,27.26983051,0.416658596,24777368,0.45,4646,baja
Post Malone,rap,Madrid,España,arena,15016,5,Saturday,164,208937,2443,92,0.7,9297,0.9,1,13.91429142,0.162693127,19222204,0.53,7958,baja
Natanael Cano,corridos,Bogota,Colombia,club,1058,11,Wednesday,152,16027,3584,87,0.7,511,0.88,0,15.14839319,3.387523629,1394349,0.42,444,baja
BLACKPINK,kpop,CDMX,Mexico,arena,17620,5,Tuesday,71,485856,3010,98,0.7,10966,1,0,27.57412032,0.170828604,47613888,0.69,12158,media
The Weeknd,pop,Guadalajara,Mexico,stadium,70023,3,Monday,73,1797466,3203,96,0.9,43192,0.92,0,25.6696514,0.045742113,172556736,0.84,58819,alta
Grupo Firme,banda,Monterrey,Mexico,club,1104,9,Wednesday,162,12586,2918,90,0.78,710,0.92,0,11.40036232,2.643115942,1132740,0.48,530,baja
Coldplay,rock,Madrid,España,theater,6914,10,Wednesday,65,165633,3965,96,0.7,3070,0.9,0,23.95617588,0.573474111,15900768,0.6,4148,media
Post Malone,rap,Queretaro,Mexico,festival,23060,4,Thursday,65,463510,3836,92,0.7,9689,0.82,0,20.10017346,0.166348656,42642920,0.63,14528,media
Imagine Dragons,rock,CDMX,Mexico,stadium,49662,12,Tuesday,10,582056,20789,94,0.7,27496,1,0,11.72034956,0.418609802,54713264,0.87,43206,alta
Drake,rap,Bogota,Colombia,arena,12422,6,Saturday,152,309013,2068,94,0.86,7763,0.88,1,24.87626791,0.166478828,29047222,0.67,8323,media
The Weeknd,pop,Monterrey,Mexico,stadium,63815,12,Friday,173,1734166,3177,96,0.9,38505,0.92,1,27.17489618,0.049784533,166479936,0.83,52966,alta
BTS,kpop,Leon,Mexico,arena,22369,9,Tuesday,124,319927,2929,99,0.95,11514,0.78,0,14.30224865,0.13094014,31672773,0.81,18119,alta
Ed Sheeran,pop,CDMX,Mexico,arena,20554,9,Friday,46,539297,3411,94,0.7,12507,1,1,26.23805585,0.165953099,50693918,0.69,14182,media
NewJeans,kpop,Guadalajara,Mexico,arena,13711,11,Sunday,62,208289,3512,93,0.7,6404,0.92,0,15.19137918,0.256144701,19370877,0.62,8501,media
Karol G,reggaeton,Leon,Mexico,club,1167,12,Saturday,103,32331,1667,94,0.7,546,0.78,1,27.70437018,1.428449015,3039114,0.42,490,baja
Los Tigres del Norte,norteno,Los Angeles,Estados Unidos,club,1915,9,Wednesday,177,49655,1443,92,0.74,891,0.95,0,25.92950392,0.753524804,4568260,0.59,1130,media
Taylor Swift,pop,Leon,Mexico,festival,56763,2,Monday,95,1018287,4252,98,0.7,26318,0.78,0,17.93927382,0.074907951,99792126,0.88,49951,alta
Drake,rap,Monterrey,Mexico,stadium,60752,4,Friday,38,651298,35623,94,0.86,40198,0.92,1,10.72060179,0.586367527,61222012,0.89,54069,alta
Siddhartha,indie,Leon,Mexico,theater,4331,4,Monday,84,83233,2638,85,0.7,1353,0.78,0,19.21796352,0.609097206,7074805,0.27,1169,baja
Kendrick Lamar,rap,Leon,Mexico,stadium,70387,5,Tuesday,16,825338,1489,95,0.7,29262,0.78,0,11.7257164,0.021154475,78407110,0.85,59829,alta
Grupo Firme,banda,Guadalajara,Mexico,stadium,65216,3,Sunday,109,1474229,1897,90,0.78,29925,0.92,0,22.60532691,0.029087954,132680610,0.81,52825,alta
Los Tigres del Norte,norteno,Leon,Mexico,festival,21031,9,Friday,112,331911,4533,92,0.74,7578,0.78,1,15.78198849,0.215538966,30535812,0.27,5678,baja
BTS,kpop,Queretaro,Mexico,club,1340,12,Friday,110,37915,4808,99,0.95,1132,0.82,1,28.29477612,3.588059701,3753585,0.97,1300,alta
aespa,kpop,Leon,Mexico,arena,23737,7,Wednesday,7,588670,1970,90,0.7,9274,0.78,0,24.79967982,0.082992796,52980300,0.35,8308,baja
Grupo Firme,banda,Guadalajara,Mexico,stadium,51705,6,Saturday,99,1520672,1368,90,0.78,33875,0.92,1,29.41054057,0.026457789,136860480,0.94,48603,alta
Karol G,reggaeton,Bogota,Colombia,festival,30944,1,Wednesday,70,849343,3833,94,0.7,13700,0.88,0,27.44774431,0.123868925,79838242,0.62,19185,media
Girl Ultra,indie,Monterrey,Mexico,arena,14012,3,Wednesday,92,232087,2494,78,0.7,6734,0.92,0,16.56344562,0.177990294,18102786,0.45,6305,baja
Ariana Grande,pop,Guadalajara,Mexico,arena,10620,4,Thursday,61,196785,1556,95,0.88,8104,0.92,0,18.52966102,0.146516008,18694575,0.93,9877,alta
Martin Garrix,electronica,CDMX,Mexico,theater,9208,12,Monday,17,105906,4498,92,0.7,5444,1,0,11.50152042,0.488488271,9743352,0.69,6354,media
Taylor Swift,pop,Queretaro,Mexico,stadium,30072,5,Sunday,12,681794,2246,98,0.7,14585,0.82,0,22.67205374,0.074687417,66815812,0.66,19848,media
Stray Kids,kpop,Guadalajara,Mexico,festival,81037,2,Monday,164,1565514,3137,91,0.7,39671,0.92,0,19.31850883,0.038710712,142461774,0.86,69692,alta
Girl Ultra,indie,Madrid,España,stadium,35151,7,Saturday,135,491626,2533,78,0.7,13939,0.9,1,13.98611704,0.072060539,38346828,0.35,12303,baja
NewJeans,kpop,Madrid,España,stadium,51744,7,Wednesday,67,1411419,2204,93,0.7,32387,0.9,0,27.27695965,0.04259431,131261967,0.96,49674,alta
Siddhartha,indie,Los Angeles,Estados Unidos,stadium,76035,12,Monday,62,1146321,3569,85,0.7,44001,0.95,0,15.07622805,0.04693891,97437285,0.94,71473,alta
Siddhartha,indie,Madrid,España,arena,21105,12,Friday,28,514709,1418,85,0.7,12254,0.9,1,24.38801232,0.06718787,43750265,0.77,16251,media
Imagine Dragons,rock,Madrid,España,festival,82075,10,Tuesday,85,1881666,3518,94,0.7,34312,0.9,0,22.92617728,0.042863235,176876604,0.81,66481,alta
Bad Bunny,reggaeton,Seul,Desconocido,club,622,10,Thursday,178,17052,3806,95,0.7,324,0.8,0,27.414791,6.118971061,1619940,0.47,292,baja
Post Malone,rap,Bogota,Colombia,club,2890,9,Sunday,179,36442,3089,92,0.7,1756,0.88,0,12.60968858,1.068858131,3352664,0.53,1532,baja
Grupo Firme,banda,Madrid,España,theater,4681,10,Saturday,133,128969,2265,90,0.78,2164,0.9,1,27.55159154,0.483870968,11607210,0.3,1404,baja
Karol G,reggaeton,CDMX,Mexico,festival,85573,12,Friday,107,1674289,3446,94,0.7,38284,1,1,19.56562233,0.040269711,157383166,0.8,68458,alta
Stray Kids,kpop,Queretaro,Mexico,festival,93183,11,Tuesday,118,2486059,1476,91,0.7,47870,0.82,0,26.67931919,0.015839799,226231369,0.92,85728,alta
Dua Lipa,pop,Monterrey,Mexico,club,2585,8,Saturday,157,52770,1596,93,0.7,1407,0.92,1,20.4139265,0.617408124,4907610,0.42,1086,baja
aespa,kpop,Los Angeles,Estados Unidos,festival,90526,6,Wednesday,85,1821306,27696,90,0.7,55741,0.95,0,20.11914809,0.305945253,163917540,0.94,85094,alta
Cuco,indie,Los Angeles,Estados Unidos,arena,22534,11,Sunday,163,561659,2966,82,0.7,8760,0.95,0,24.92495784,0.131623325,46056038,0.29,6535,baja
Fuerza Regida,regional_mexicano,Guadalajara,Mexico,stadium,42906,4,Sunday,104,928121,3976,88,0.7,24507,0.92,0,21.63149676,0.092667692,81674648,0.73,31321,media
Ariana Grande,pop,CDMX,Mexico,theater,4340,4,Saturday,137,56517,3884,95,0.88,2688,1,1,13.02235023,0.894930876,5369115,0.83,3602,alta
Bad Bunny,reggaeton,Madrid,España,arena,12004,1,Saturday,116,276565,4014,95,0.7,5199,0.9,1,23.03940353,0.334388537,26273675,0.6,7202,media
Arctic Monkeys,rock,CDMX,Mexico,theater,6492,5,Thursday,141,68837,2493,92,0.7,3027,1,0,10.60335798,0.384011091,6333004,0.6,3895,media
Ed Sheeran,pop,Los Angeles,Estados Unidos,festival,62637,7,Wednesday,18,636966,3173,94,0.7,39803,0.95,0,10.16916519,0.05065696,59874804,0.94,58879,alta
Post Malone,rap,Seul,Desconocido,theater,6598,2,Monday,33,176283,2806,92,0.7,3227,0.8,0,26.71764171,0.425280388,16218036,0.45,2969,baja
Karol G,reggaeton,Los Angeles,Estados Unidos,arena,14476,1,Friday,164,231829,36921,94,0.7,8012,0.95,1,16.01471401,2.550497375,21791926,0.41,5935,baja
TWICE,kpop,Bogota,Colombia,club,2803,3,Saturday,125,43520,3040,92,0.84,1547,0.88,1,15.52622191,1.084552265,4003840,0.64,1794,media
Bad Bunny,reggaeton,Bogota,Colombia,arena,16709,2,Tuesday,52,444987,1860,95,0.7,10216,0.88,0,26.6315758,0.111317254,42273765,0.75,12532,media
Cuco,indie,Guadalajara,Mexico,festival,38945,10,Thursday,131,1001740,2667,82,0.7,17000,0.92,0,25.72191552,0.068481191,82142680,0.65,25314,media
Cuco,indie,Guadalajara,Mexico,club,1663,5,Tuesday,136,30763,3108,82,0.7,894,0.92,0,18.49849669,1.868911606,2522566,0.49,815,baja
Stray Kids,kpop,Los Angeles,Estados Unidos,festival,89958,5,Wednesday,50,1691368,2642,91,0.7,46142,0.95,0,18.80175193,0.029369261,153914488,0.87,78263,alta
Stray Kids,kpop,Queretaro,Mexico,festival,49336,11,Wednesday,102,1085750,3309,91,0.7,21122,0.82,0,22.00725636,0.067070699,98803250,0.86,42429,alta
Arctic Monkeys,rock,Los Angeles,Estados Unidos,stadium,36447,5,Wednesday,166,599919,2498,92,0.7,19137,0.95,0,16.46003786,0.068537877,55192548,0.66,24055,media
Martin Garrix,electronica,Queretaro,Mexico,arena,16509,3,Thursday,42,276801,2418,92,0.7,6849,0.82,0,16.76667272,0.146465564,25465692,0.34,5613,baja
NewJeans,kpop,Queretaro,Mexico,club,2663,11,Sunday,165,26916,4493,93,0.7,1402,0.82,0,10.10739767,1.687194893,2503188,0.47,1252,baja
Girl Ultra,indie,Queretaro,Mexico,stadium,76120,8,Tuesday,99,1856935,2178,78,0.7,29862,0.82,0,24.3948371,0.028612717,144840930,0.67,51000,media
Post Malone,rap,Guadalajara,Mexico,theater,9668,9,Thursday,70,209685,2724,92,0.7,4322,0.92,0,21.6885602,0.281754241,19291020,0.61,5897,media
Ariana Grande,pop,Madrid,España,arena,14131,5,Saturday,172,312182,4010,95,0.88,11215,0.9,1,22.09199632,0.283773264,29657290,0.95,13424,alta
Drake,rap,Leon,Mexico,stadium,61942,5,Monday,76,1039837,39412,94,0.86,32135,0.78,0,16.78726874,0.636272642,97744678,0.86,53270,alta
Clairo,indie,Madrid,España,theater,4673,10,Friday,172,128399,3578,80,0.7,2107,0.9,1,27.47678151,0.765675155,10271920,0.41,1916,baja
TWICE,kpop,Seul,Desconocido,festival,54530,6,Thursday,19,951583,39280,92,0.84,35665,0.8,0,17.45063268,0.720337429,87545636,0.95,51804,alta
Drake,rap,CDMX,Mexico,arena,19866,6,Thursday,152,212117,2174,94,0.86,14950,1,0,10.6773885,0.109433202,19938998,0.9,17879,alta
Stray Kids,kpop,Monterrey,Mexico,stadium,75272,4,Saturday,162,952928,2812,91,0.7,30994,0.92,1,12.65979381,0.037357849,86716448,0.81,60970,alta
Stray Kids,kpop,CDMX,Mexico,stadium,38210,3,Friday,59,1047573,3501,91,0.7,26115,1,1,27.41619995,0.091625229,95329143,0.96,36682,alta
Fuerza Regida,regional_mexicano,Queretaro,Mexico,arena,21999,1,Saturday,13,301444,3547,88,0.7,10362,0.82,1,13.70262285,0.161234602,26527072,0.44,9680,baja
NewJeans,kpop,Bogota,Colombia,festival,29313,2,Wednesday,43,377368,4639,93,0.7,13446,0.88,0,12.87374203,0.158257428,35095224,0.63,18467,media
Martin Garrix,electronica,Bogota,Colombia,arena,17713,3,Wednesday,84,449276,3256,92,0.7,7154,0.88,0,25.36419579,0.183819793,41333392,0.29,5137,baja
Grupo Firme,banda,Los Angeles,Estados Unidos,festival,99064,9,Saturday,63,1567050,1483,90,0.78,66549,0.95,1,15.81856174,0.01497012,141034500,0.93,92130,alta
Ed Sheeran,pop,Monterrey,Mexico,club,2566,8,Tuesday,98,49020,3294,94,0.7,1443,0.92,0,19.10366329,1.283710055,4607880,0.44,1129,baja
Dua Lipa,pop,Guadalajara,Mexico,arena,12435,10,Sunday,16,152903,2195,93,0.7,6629,0.92,0,12.29618014,0.176517893,14219979,0.68,8456,media
Clairo,indie,Guadalajara,Mexico,arena,24430,11,Monday,150,358009,24940,80,0.7,13244,0.92,0,14.65448219,1.020875972,28640720,0.52,12704,baja
Grupo Firme,banda,Madrid,España,theater,6422,3,Thursday,29,122080,1968,90,0.78,4077,0.9,0,19.00965431,0.30644659,10987200,0.73,4688,media
Ariana Grande,pop,Los Angeles,Estados Unidos,arena,19989,4,Thursday,12,259356,2339,95,0.88,11402,0.95,0,12.97493621,0.117014358,24638820,0.82,16391,alta
The Weeknd,pop,Leon,Mexico,festival,26605,9,Tuesday,29,794608,37343,96,0.9,14169,0.78,0,29.86686713,1.403608344,76282368,0.85,22614,alta
Imagine Dragons,rock,Monterrey,Mexico,arena,13500,3,Thursday,55,232915,1582,94,0.7,6226,0.92,0,17.25296296,0.117185185,21894010,0.61,8235,media
Girl Ultra,indie,Leon,Mexico,stadium,69091,12,Thursday,112,1533938,3592,78,0.7,28977,0.78,0,22.201705,0.051989405,119647164,0.72,49746,media
aespa,kpop,Monterrey,Mexico,arena,10952,1,Monday,155,288325,2853,90,0.7,4222,0.92,0,26.32624178,0.260500365,25949250,0.57,6243,media
Martin Garrix,electronica,Monterrey,Mexico,stadium,42498,5,Monday,157,571405,1515,92,0.7,22824,0.92,0,13.44545626,0.035648736,52569260,0.69,29324,media
David Guetta,electronica,Queretaro,Mexico,arena,21746,6,Saturday,2,256089,3878,93,0.82,13505,0.82,1,11.77637267,0.178331647,23816277,0.73,15875,media
TWICE,kpop,Bogota,Colombia,theater,7131,2,Sunday,60,162777,1677,92,0.84,5066,0.88,0,22.82667228,0.235170383,14975484,0.95,6774,alta
Karol G,reggaeton,Leon,Mexico,arena,15361,10,Wednesday,124,246319,2145,94,0.7,6338,0.78,0,16.03534926,0.139639346,23153986,0.35,5376,baja
Kendrick Lamar,rap,Madrid,España,club,2982,6,Saturday,121,85977,33694,95,0.7,1820,0.9,1,28.83199195,11.2991281,8167815,0.5,1491,baja
BLACKPINK,kpop,Queretaro,Mexico,arena,16777,11,Sunday,175,462127,2499,98,0.7,6604,0.82,0,27.54527031,0.148953925,45288446,0.58,9731,media
Martin Garrix,electronica,Bogota,Colombia,theater,5888,11,Thursday,137,153030,1453,92,0.7,3440,0.88,0,25.99014946,0.246773098,14078760,0.5,2944,baja
Imagine Dragons,rock,Queretaro,Mexico,theater,6238,7,Monday,118,85503,1603,94,0.7,2381,0.82,0,13.70679705,0.256973389,8037282,0.29,1809,baja
David Guetta,electronica,Madrid,España,festival,59067,4,Friday,53,1761830,2974,93,0.82,33599,0.9,1,29.82765334,0.050349603,163850190,0.86,50798,alta
Girl Ultra,indie,Guadalajara,Mexico,arena,10800,4,Saturday,24,309928,35099,78,0.7,5473,0.92,1,28.69703704,3.249907407,24174384,0.49,5292,baja
Martin Garrix,electronica,Madrid,España,theater,4745,10,Sunday,69,93828,2833,92,0.7,1973,0.9,0,19.77407798,0.597049526,8632176,0.29,1376,baja
Girl Ultra,indie,Queretaro,Mexico,club,1511,10,Sunday,98,21597,2538,78,0.7,510,0.82,0,14.29318332,1.67968233,1684566,0.32,484,baja
Dua Lipa,pop,Los Angeles,Estados Unidos,theater,4627,11,Saturday,69,100639,4633,93,0.7,2790,0.95,1,21.75037821,1.001296737,9359427,0.72,3331,media
TWICE,kpop,Leon,Mexico,club,2312,6,Tuesday,68,59850,1489,92,0.84,1357,0.78,0,25.8866782,0.644031142,5506200,0.72,1665,media
Coldplay,rock,Seul,Desconocido,theater,3215,5,Thursday,52,46821,4678,96,0.7,1622,0.8,0,14.56329705,1.455054432,4494816,0.44,1415,baja
Girl Ultra,indie,Monterrey,Mexico,stadium,71859,6,Wednesday,36,1654134,2951,78,0.7,34735,0.92,0,23.01916253,0.041066533,129022452,0.91,65392,alta
The Weeknd,pop,Queretaro,Mexico,theater,7520,8,Sunday,17,159245,2552,96,0.9,4764,0.82,0,21.17619681,0.339361702,15287520,0.68,5114,media
Fuerza Regida,regional_mexicano,Guadalajara,Mexico,club,2852,8,Saturday,35,83092,1458,88,0.7,1234,0.92,1,29.13464236,0.511220196,7312096,0.33,941,baja
Post Malone,rap,Bogota,Colombia,stadium,57599,2,Tuesday,87,1471669,3923,92,0.7,26296,0.88,0,25.55025261,0.068108821,135393548,0.85,48959,alta
Post Malone,rap,Guadalajara,Mexico,stadium,70707,1,Sunday,87,1628358,2092,92,0.7,30654,0.92,0,23.0296576,0.029586887,149808936,0.82,57980,alta
Banda MS,banda,CDMX,Mexico,theater,8714,5,Sunday,77,92158,2041,89,0.7,5748,1,0,10.57585495,0.234220794,8202062,0.76,6623,media
Coldplay,rock,Bogota,Colombia,theater,6477,12,Thursday,119,74986,2601,96,0.7,3495,0.88,0,11.57727343,0.401574803,7198656,0.69,4469,media
Kendrick Lamar,rap,Los Angeles,Estados Unidos,festival,26933,8,Friday,141,459032,4060,95,0.7,14129,0.95,1,17.04347826,0.15074444,43608040,0.65,17506,media
Cuco,indie,Monterrey,Mexico,theater,3707,4,Wednesday,21,49263,2103,82,0.7,1679,0.92,0,13.28918263,0.567305098,4039566,0.39,1446,baja
Adele,pop,Bogota,Colombia,theater,9255,12,Friday,112,149842,2720,95,0.7,5829,0.88,1,16.19038358,0.293895192,14234990,0.53,4905,baja
Grupo Firme,banda,Bogota,Colombia,club,2274,6,Thursday,88,57568,30915,90,0.78,1010,0.88,0,25.31574318,13.59498681,5181120,0.3,682,baja
BLACKPINK,kpop,Leon,Mexico,club,513,11,Monday,139,8350,2643,98,0.7,251,0.78,0,16.27680312,5.152046784,818300,0.43,221,baja
Natanael Cano,corridos,Bogota,Colombia,theater,4767,1,Sunday,106,62826,2351,87,0.7,2242,0.88,0,13.17935809,0.493182295,5465862,0.4,1907,baja
BTS,kpop,Bogota,Colombia,club,1649,8,Monday,97,22648,34180,99,0.95,1263,0.88,0,13.73438448,20.72771377,2242152,0.69,1138,media
BLACKPINK,kpop,Queretaro,Mexico,festival,47361,1,Saturday,103,812771,2131,98,0.7,17534,0.82,1,17.16118747,0.044994827,79651558,0.56,26522,media
Martin Garrix,electronica,Bogota,Colombia,arena,20246,9,Saturday,52,477812,3274,92,0.7,11961,0.88,1,23.60031611,0.161710955,43958704,0.75,15184,media
TWICE,kpop,Leon,Mexico,arena,21856,10,Friday,127,607116,39820,92,0.84,14089,0.78,1,27.77800146,1.821925329,55854672,0.77,16829,media
Los Tigres del Norte,norteno,Leon,Mexico,arena,13720,11,Thursday,137,195224,4094,92,0.74,6588,0.78,0,14.22915452,0.298396501,17960608,0.42,5762,baja
Post Malone,rap,Guadalajara,Mexico,stadium,72220,1,Saturday,119,1645313,3593,92,0.7,41227,0.92,1,22.78195791,0.049750762,151368796,0.92,66442,alta
Taylor Swift,pop,Guadalajara,Mexico,festival,88925,12,Tuesday,86,1135741,2696,98,0.7,59777,0.92,0,12.77189767,0.030317683,111302618,0.96,85368,alta
aespa,kpop,Guadalajara,Mexico,club,2805,11,Saturday,87,74203,1443,90,0.7,1574,0.92,1,26.45383244,0.514438503,6678270,0.46,1290,baja
Natanael Cano,corridos,Bogota,Colombia,festival,49880,6,Thursday,78,1387550,2404,87,0.7,19211,0.88,0,27.81776263,0.04819567,120716850,0.59,29429,media
Los Tigres del Norte,norteno,Madrid,España,theater,4832,2,Wednesday,128,109202,2578,92,0.74,2692,0.9,0,22.59975166,0.53352649,10046584,0.42,2029,baja
Ed Sheeran,pop,Seul,Desconocido,stadium,35233,8,Thursday,77,391684,2142,94,0.7,17119,0.8,0,11.11696421,0.060795277,36818296,0.69,24311,media
Imagine Dragons,rock,Madrid,España,club,2625,1,Saturday,155,26428,23397,94,0.7,1307,0.9,1,10.06780952,8.913142857,2484232,0.38,998,baja
Ed Sheeran,pop,Bogota,Colombia,stadium,50484,7,Friday,104,1273129,1661,94,0.7,28689,0.88,1,25.21846526,0.032901513,119674126,0.92,46445,alta
Los Tigres del Norte,norteno,Queretaro,Mexico,arena,14746,10,Tuesday,157,279906,2121,92,0.74,8812,0.82,0,18.98182558,0.143835616,25751352,0.77,11354,media
Natanael Cano,corridos,Leon,Mexico,club,1207,9,Saturday,9,25446,37350,87,0.7,611,0.78,1,21.08202154,30.94449047,2213802,0.53,640,baja
Girl Ultra,indie,Madrid,España,stadium,58333,1,Thursday,26,598136,3063,78,0.7,24448,0.9,0,10.25381859,0.052508871,46654608,0.66,38500,media
David Guetta,electronica,Los Angeles,Estados Unidos,festival,77705,9,Saturday,4,871111,2207,93,0.82,39460,0.95,1,11.21048839,0.028402291,81013323,0.81,62941,alta
Ariana Grande,pop,Queretaro,Mexico,arena,10946,6,Tuesday,13,194140,2372,95,0.88,8203,0.82,0,17.73615933,0.216700164,18443300,0.97,10618,alta
Kendrick Lamar,rap,Bogota,Colombia,stadium,69472,9,Friday,35,1007286,27328,95,0.7,41773,0.88,1,14.49916513,0.393367112,95692170,0.94,65304,alta
Grupo Firme,banda,Guadalajara,Mexico,festival,82612,3,Saturday,105,1762102,3977,90,0.78,37673,0.92,1,21.32985523,0.048140706,158589180,0.81,66916,alta
Post Malone,rap,Queretaro,Mexico,club,1718,2,Thursday,9,40807,1412,92,0.7,966,0.82,0,23.75261932,0.821885914,3754244,0.53,911,baja
Banda MS,banda,Madrid,España,theater,7572,12,Friday,137,152600,2895,89,0.7,4422,0.9,1,20.15319599,0.382329635,13581400,0.51,3862,baja
BLACKPINK,kpop,Leon,Mexico,arena,24019,5,Friday,172,261097,3985,98,0.7,11355,0.78,1,10.8704359,0.165910321,25587506,0.67,16093,media
Drake,rap,Madrid,España,club,537,7,Saturday,114,7408,2184,94,0.86,358,0.9,1,13.79515829,4.067039106,696352,0.69,371,media
Grupo Firme,banda,Seul,Desconocido,arena,22158,1,Saturday,102,266639,4027,90,0.78,10323,0.8,1,12.03353191,0.181740229,23997510,0.65,14403,media
Post Malone,rap,Monterrey,Mexico,arena,10330,4,Thursday,106,216054,26609,92,0.7,4129,0.92,0,20.91519845,2.57589545,19876968,0.27,2789,baja
Post Malone,rap,Bogota,Colombia,arena,21424,10,Monday,122,585690,24002,92,0.7,9723,0.88,0,27.33803211,1.120332338,53883480,0.63,13497,media
Cuco,indie,Los Angeles,Estados Unidos,theater,9032,3,Saturday,43,236793,2145,82,0.7,4981,0.95,1,26.21711692,0.237488928,19417026,0.49,4426,baja
Stray Kids,kpop,Queretaro,Mexico,arena,24288,7,Sunday,144,516740,2174,91,0.7,8273,0.82,0,21.27552701,0.089509223,47023340,0.56,13601,media
BTS,kpop,Los Angeles,Estados Unidos,festival,48689,7,Friday,143,1006560,2384,99,0.95,34805,0.95,1,20.67325269,0.048963832,99649440,0.85,41386,alta
Natanael Cano,corridos,Bogota,Colombia,festival,36639,10,Saturday,40,518492,3316,87,0.7,16281,0.88,1,14.15136876,0.090504654,45108804,0.65,23815,media
aespa,kpop,Monterrey,Mexico,arena,22735,7,Tuesday,109,604258,3756,90,0.7,11752,0.92,0,26.57831537,0.165207829,54383220,0.68,15460,media
Banda MS,banda,Guadalajara,Mexico,arena,13431,8,Monday,32,378976,2917,89,0.7,8190,0.92,0,28.21651403,0.217184126,33728864,0.76,10208,media
Banda MS,banda,CDMX,Mexico,stadium,41051,4,Saturday,38,832363,2989,89,0.7,20610,1,1,20.27631483,0.072811868,74080307,0.85,34893,alta
Dua Lipa,pop,Bogota,Colombia,arena,21225,1,Friday,34,569157,30915,93,0.7,9802,0.88,1,26.81540636,1.456537102,52931601,0.64,13584,media
TWICE,kpop,Bogota,Colombia,festival,87479,6,Saturday,130,1107548,2005,92,0.84,58413,0.88,1,12.66073,0.022919786,101894416,0.92,80481,alta
Karol G,reggaeton,Madrid,España,festival,74259,7,Saturday,19,1025256,4548,94,0.7,37534,0.9,1,13.8064881,0.061245102,96374064,0.87,64605,alta
Adele,pop,Los Angeles,Estados Unidos,theater,7961,2,Wednesday,35,93750,3960,95,0.7,3777,0.95,0,11.77615877,0.497424947,8906250,0.32,2548,baja
Coldplay,rock,Queretaro,Mexico,arena,20917,11,Sunday,8,617683,2928,96,0.7,9839,0.82,0,29.53019075,0.139981833,59297568,0.66,13805,media
Travis Scott,rap,Monterrey,Mexico,theater,6602,10,Thursday,10,189806,2626,93,0.7,2821,0.92,0,28.7497728,0.397758255,17651958,0.29,1915,baja
Fuerza Regida,regional_mexicano,CDMX,Mexico,arena,20372,7,Monday,33,307489,2769,88,0.7,9153,1,0,15.09370705,0.135921854,27059032,0.6,12223,media
Imagine Dragons,rock,Guadalajara,Mexico,arena,21451,5,Thursday,3,613735,2959,94,0.7,11353,0.92,0,28.61102047,0.137942287,57691090,0.67,14372,media
Los Tigres del Norte,norteno,Leon,Mexico,theater,4151,9,Wednesday,154,43418,2850,92,0.74,1848,0.78,0,10.45964828,0.686581547,3994456,0.38,1577,baja
Girl Ultra,indie,Leon,Mexico,arena,11194,2,Tuesday,152,320257,37706,78,0.7,5061,0.78,0,28.60970163,3.368411649,24980046,0.52,5821,baja
Grupo Firme,banda,Monterrey,Mexico,arena,19968,5,Sunday,47,498550,1605,90,0.78,10486,0.92,0,24.96744792,0.080378606,44869500,0.64,12780,media
Clairo,indie,CDMX,Mexico,theater,4270,5,Friday,128,74247,2462,80,0.7,2179,1,1,17.38805621,0.576580796,5939760,0.42,1793,baja
Dua Lipa,pop,CDMX,Mexico,arena,11425,4,Monday,117,324324,3404,93,0.7,6951,1,0,28.38722101,0.297943107,30162132,0.7,7997,media
NewJeans,kpop,CDMX,Mexico,theater,4408,5,Sunday,57,64656,4643,93,0.7,1882,1,0,14.66787659,1.05331216,6013008,0.56,2468,media
BLACKPINK,kpop,Los Angeles,Estados Unidos,club,1246,9,Wednesday,86,13469,2230,98,0.7,770,0.95,0,10.80979133,1.789727127,1319962,0.71,885,media
Arctic Monkeys,rock,CDMX,Mexico,stadium,42871,1,Wednesday,176,1170871,2269,92,0.7,20158,1,0,27.31149262,0.052926221,107720132,0.6,25723,media
Kendrick Lamar,rap,Madrid,España,club,1344,8,Wednesday,163,22169,4290,95,0.7,871,0.9,0,16.49479167,3.191964286,2106055,0.54,726,baja
Siddhartha,indie,Los Angeles,Estados Unidos,arena,13572,4,Sunday,97,186785,3215,85,0.7,5500,0.95,0,13.76252579,0.236884763,15876725,0.29,3936,baja
Karol G,reggaeton,Monterrey,Mexico,arena,24918,5,Thursday,16,443397,1910,94,0.7,12619,0.92,0,17.79424512,0.076651417,41679318,0.65,16197,media
Fuerza Regida,regional_mexicano,Seul,Desconocido,stadium,71098,9,Wednesday,21,1465806,3137,88,0.7,24120,0.8,0,20.61669808,0.044122198,128990928,0.81,57589,alta
Adele,pop,Queretaro,Mexico,stadium,68980,10,Wednesday,6,1591927,4418,95,0.7,41323,0.82,0,23.0780951,0.06404755,151233065,0.97,66911,alta
Taylor Swift,pop,Leon,Mexico,festival,80829,8,Wednesday,81,1822427,4773,98,0.7,37886,0.78,0,22.54669735,0.059050588,178597846,0.88,71130,alta
Bad Bunny,reggaeton,Queretaro,Mexico,festival,74244,5,Thursday,64,1595271,3963,95,0.7,37162,0.82,0,21.48686763,0.053378051,151550745,0.9,66820,alta
Girl Ultra,indie,CDMX,Mexico,stadium,62828,6,Sunday,149,674829,1608,78,0.7,23333,1,0,10.74089578,0.025593684,52636662,0.57,35812,media
Dua Lipa,pop,Guadalajara,Mexico,theater,5217,7,Saturday,118,153716,2996,93,0.7,3085,0.92,1,29.46444317,0.574276404,14295588,0.47,2452,baja
Kendrick Lamar,rap,Queretaro,Mexico,arena,17232,9,Thursday,114,209071,39104,95,0.7,6995,0.82,0,12.1327182,2.269266481,19861745,0.31,5342,baja
Taylor Swift,pop,CDMX,Mexico,theater,5578,3,Monday,11,71863,2027,98,0.7,4034,1,0,12.8832915,0.363391897,7042574,0.76,4239,media
NewJeans,kpop,Bogota,Colombia,stadium,41297,3,Sunday,44,824129,4598,93,0.7,17562,0.88,0,19.95614694,0.111339807,76643997,0.83,34277,alta
Ariana Grande,pop,Madrid,España,arena,21738,11,Sunday,169,295213,20932,95,0.88,12035,0.9,0,13.58050419,0.962922072,28045235,0.82,17825,alta
Banda MS,banda,Monterrey,Mexico,theater,9763,9,Thursday,31,228923,1634,89,0.7,3729,0.92,0,23.44801803,0.167366588,20374147,0.26,2538,baja
TWICE,kpop,CDMX,Mexico,festival,60556,8,Sunday,173,948396,1694,92,0.84,40360,1,0,15.66147037,0.027974107,87252432,0.87,52684,alta
Banda MS,banda,Queretaro,Mexico,stadium,72549,4,Sunday,99,763891,3745,89,0.7,33511,0.82,0,10.52931122,0.051620284,67986299,0.68,49333,media
Karol G,reggaeton,Seul,Desconocido,stadium,50941,10,Saturday,152,565918,35486,94,0.7,18223,0.8,1,11.10928329,0.696609803,53196292,0.57,29036,media
Coldplay,rock,Guadalajara,Mexico,theater,7944,12,Thursday,54,233502,37398,96,0.7,4906,0.92,0,29.39350453,4.707703927,22416192,0.48,3813,baja
Siddhartha,indie,CDMX,Mexico,arena,11428,1,Tuesday,100,139479,2196,85,0.7,5807,1,0,12.20502275,0.192159608,11855715,0.39,4457,baja
BLACKPINK,kpop,Leon,Mexico,festival,30492,9,Friday,47,421179,3413,98,0.7,14455,0.78,1,13.81277056,0.111930998,41275542,0.88,26833,alta
Karol G,reggaeton,Leon,Mexico,festival,69416,2,Wednesday,110,791589,2554,94,0.7,30224,0.78,0,11.4035525,0.03679267,74409366,0.87,60392,alta
Siddhartha,indie,Seul,Desconocido,theater,7496,9,Wednesday,149,208193,1756,85,0.7,2963,0.8,0,27.7738794,0.234258271,17696405,0.37,2774,baja
BLACKPINK,kpop,Leon,Mexico,stadium,30700,7,Friday,82,664664,1543,98,0.7,14814,0.78,1,21.65029316,0.050260586,65137072,0.68,20876,media
Natanael Cano,corridos,Guadalajara,Mexico,club,2336,6,Monday,130,25810,3226,87,0.7,942,0.92,0,11.04880137,1.380993151,2245470,0.3,701,baja
The Weeknd,pop,Madrid,España,stadium,76947,2,Saturday,109,1410320,23075,96,0.9,43791,0.9,1,18.32845985,0.299881737,135390720,0.82,63097,alta
Calvin Harris,electronica,Madrid,España,club,1648,12,Tuesday,30,23345,3902,94,0.7,1013,0.9,0,14.16565534,2.367718447,2194430,0.51,840,baja
Grupo Firme,banda,Monterrey,Mexico,theater,5979,1,Friday,125,130693,1912,90,0.78,4154,0.92,1,21.85867202,0.319785917,11762370,0.77,4604,media
aespa,kpop,Seul,Desconocido,stadium,50437,5,Sunday,94,1421745,4216,90,0.7,20793,0.8,0,28.18853223,0.083589428,127957050,0.64,32280,media
Natanael Cano,corridos,Seul,Desconocido,club,2469,9,Monday,134,55652,2854,87,0.7,928,0.8,0,22.54029972,1.155933576,4841724,0.33,815,baja
Drake,rap,Madrid,España,theater,4711,8,Saturday,170,101634,2586,94,0.86,3221,0.9,1,21.57376353,0.548928041,9553596,0.7,3298,media
Girl Ultra,indie,Madrid,España,club,1714,8,Wednesday,143,36030,1372,78,0.7,702,0.9,0,21.0210035,0.800466744,2810340,0.37,634,baja
Arctic Monkeys,rock,Monterrey,Mexico,festival,42949,9,Monday,92,948404,32338,92,0.7,16831,0.92,0,22.08209737,0.752939533,87253168,0.57,24481,media
Banda MS,banda,Queretaro,Mexico,arena,10688,2,Tuesday,11,212528,4252,89,0.7,3933,0.82,0,19.88473054,0.397829341,18914992,0.59,6306,media
Siddhartha,indie,Los Angeles,Estados Unidos,festival,89869,8,Saturday,160,1203998,38240,85,0.7,49386,0.95,1,13.39725601,0.42550824,102339830,0.92,82679,alta
BTS,kpop,Leon,Mexico,arena,12227,9,Tuesday,146,203453,4873,99,0.95,8490,0.78,0,16.63964996,0.398544205,20141847,0.91,11127,alta
Travis Scott,rap,Guadalajara,Mexico,arena,16251,12,Wednesday,108,175557,2146,93,0.7,6445,0.92,0,10.8028429,0.132053412,16326801,0.57,9263,media
Taylor Swift,pop,Los Angeles,Estados Unidos,festival,74994,6,Thursday,148,1208526,2459,98,0.7,36650,0.95,0,16.1149692,0.03278929,118435548,0.83,62245,alta
Natanael Cano,corridos,Queretaro,Mexico,theater,7443,2,Monday,180,131822,3535,87,0.7,2802,0.82,0,17.71086927,0.474942899,11468514,0.32,2382,baja
David Guetta,electronica,Madrid,España,arena,18880,6,Wednesday,58,251558,3052,93,0.82,12341,0.9,0,13.32404661,0.161652542,23394894,0.71,13405,media
Siddhartha,indie,Bogota,Colombia,festival,61421,7,Monday,3,1026734,2961,85,0.7,21189,0.88,0,16.7163348,0.048208268,87272390,0.56,34396,media
Adele,pop,CDMX,Mexico,club,2299,2,Tuesday,130,62517,28277,95,0.7,1065,1,0,27.19312745,12.29969552,5939115,0.58,1333,media
Cuco,indie,Monterrey,Mexico,festival,84720,12,Wednesday,2,2489366,22584,82,0.7,45185,0.92,0,29.38345137,0.266572238,204128012,0.93,78790,alta
Karol G,reggaeton,CDMX,Mexico,stadium,70072,6,Wednesday,155,808526,2151,94,0.7,33674,1,0,11.53850325,0.030696997,76001444,0.82,57459,alta
Karol G,reggaeton,Guadalajara,Mexico,stadium,60095,3,Wednesday,5,1215188,36293,94,0.7,34332,0.92,0,20.22111657,0.603927115,114227672,0.91,54686,alta
BTS,kpop,Monterrey,Mexico,theater,5183,6,Thursday,105,102429,1948,99,0.95,3396,0.92,0,19.76249276,0.375844106,10140471,0.83,4302,alta
Calvin Harris,electronica,Leon,Mexico,festival,40707,8,Saturday,127,1164516,3104,94,0.7,14515,0.78,1,28.60726656,0.076252242,109464504,0.58,23610,media
aespa,kpop,Guadalajara,Mexico,stadium,52758,4,Tuesday,131,1378114,2078,90,0.7,23222,0.92,0,26.12142234,0.039387391,124030260,0.83,43789,alta
Natanael Cano,corridos,Leon,Mexico,festival,57350,8,Tuesday,177,709282,3773,87,0.7,26562,0.78,0,12.36760244,0.065789015,61707534,0.72,41292,media
Calvin Harris,electronica,Madrid,España,stadium,30882,1,Wednesday,54,617823,2504,94,0.7,18930,0.9,0,20.00592578,0.081082831,58075362,0.75,23162,media
Imagine Dragons,rock,CDMX,Mexico,arena,13613,6,Tuesday,152,154577,29960,94,0.7,9169,1,0,11.35510174,2.200837435,14530238,0.74,10074,media
David Guetta,electronica,Los Angeles,Estados Unidos,stadium,33008,4,Wednesday,178,620903,3869,93,0.82,19818,0.95,0,18.81068226,0.117214009,57743979,0.86,28387,alta
Taylor Swift,pop,Bogota,Colombia,stadium,44691,12,Saturday,37,718731,3208,98,0.7,25647,0.88,1,16.08223132,0.071781791,70435638,0.91,40669,alta
Coldplay,rock,CDMX,Mexico,arena,17561,4,Monday,105,210987,4574,96,0.7,8759,1,0,12.01452081,0.260463527,20254752,0.61,10712,media
Clairo,indie,Bogota,Colombia,stadium,66254,3,Thursday,92,1619428,3368,80,0.7,25530,0.88,0,24.44272044,0.050834667,129554240,0.62,41077,media
NewJeans,kpop,Leon,Mexico,festival,40721,11,Tuesday,124,548957,4561,93,0.7,21780,0.78,0,13.48093121,0.11200609,51053001,0.76,30948,media
Martin Garrix,electronica,Bogota,Colombia,arena,13038,8,Wednesday,170,312857,3436,92,0.7,4846,0.88,0,23.99578156,0.263537352,28782844,0.56,7301,media
Dua Lipa,pop,Seul,Desconocido,club,1129,3,Wednesday,11,16004,1442,93,0.7,405,0.8,0,14.17537644,1.277236492,1488372,0.28,316,baja
TWICE,kpop,Madrid,España,club,2451,8,Friday,35,42271,4366,92,0.84,1268,0.9,1,17.24643003,1.781313749,3888932,0.61,1495,media
Clairo,indie,Guadalajara,Mexico,theater,9342,2,Thursday,67,221415,3210,80,0.7,3186,0.92,0,23.70102762,0.343609505,17713200,0.26,2429,baja
Banda MS,banda,CDMX,Mexico,festival,42775,12,Saturday,134,658031,1736,89,0.7,19498,1,1,15.38354179,0.040584454,58564759,0.6,25665,media
Taylor Swift,pop,CDMX,Mexico,stadium,67742,2,Monday,159,1576918,3561,98,0.7,42399,1,0,23.27829116,0.052567093,154537964,0.89,60290,alta
Siddhartha,indie,Monterrey,Mexico,theater,3205,12,Friday,102,43455,2245,85,0.7,1473,0.92,1,13.55850234,0.700468019,3693675,0.38,1218,baja
Grupo Firme,banda,CDMX,Mexico,arena,17681,10,Sunday,120,382743,2698,90,0.78,13054,1,0,21.64713534,0.152593179,34446870,0.76,13438,media
aespa,kpop,CDMX,Mexico,stadium,31957,11,Thursday,37,434259,2103,90,0.7,20492,1,0,13.58885377,0.065807178,39083310,0.74,23648,media
TWICE,kpop,Bogota,Colombia,stadium,34450,5,Thursday,130,357880,4382,92,0.84,18832,0.88,0,10.38838897,0.127198839,32924960,0.85,29282,alta
Banda MS,banda,Leon,Mexico,theater,4974,2,Monday,39,108194,2938,89,0.7,1853,0.78,0,21.75190993,0.590671492,9629266,0.33,1641,baja
Taylor Swift,pop,Monterrey,Mexico,arena,19741,10,Monday,148,512138,4058,98,0.7,10227,0.92,0,25.94286004,0.205562028,50189524,0.86,16977,alta
Karol G,reggaeton,Bogota,Colombia,theater,9651,12,Thursday,82,270754,22931,94,0.7,5117,0.88,0,28.05450212,2.37602321,25450876,0.43,4150,baja
Clairo,indie,Guadalajara,Mexico,arena,11016,9,Sunday,11,170973,22143,80,0.7,4374,0.92,0,15.52042484,2.010076253,13677840,0.33,3635,baja
Fuerza Regida,regional_mexicano,Leon,Mexico,theater,5848,4,Saturday,3,132947,2602,88,0.7,2616,0.78,1,22.73375513,0.44493844,11699336,0.44,2573,baja
Dua Lipa,pop,Monterrey,Mexico,stadium,77492,11,Friday,17,1550158,1770,93,0.7,38718,0.92,1,20.00410365,0.022841067,144164694,0.86,66643,alta
The Weeknd,pop,Madrid,España,arena,11311,12,Friday,15,173404,4269,96,0.9,7902,0.9,1,15.33056317,0.37742021,16646784,0.89,10067,alta
BLACKPINK,kpop,Guadalajara,Mexico,arena,13599,11,Saturday,160,206190,2512,98,0.7,7263,0.92,1,15.16214428,0.184719465,20206620,0.66,8975,media
Arctic Monkeys,rock,Guadalajara,Mexico,stadium,69130,3,Thursday,103,1813548,3259,92,0.7,32050,0.92,0,26.2338782,0.047143064,166846416,0.84,58069,alta
Banda MS,banda,Bogota,Colombia,stadium,78617,11,Saturday,26,1398645,2806,89,0.7,46411,0.88,1,17.79061781,0.035692026,124479405,0.96,75472,alta
Calvin Harris,electronica,Bogota,Colombia,theater,9153,7,Friday,156,206009,2104,94,0.7,5266,0.88,1,22.50726538,0.229869988,19364846,0.48,4393,baja
Post Malone,rap,Queretaro,Mexico,theater,3428,1,Saturday,19,89527,1868,92,0.7,1291,0.82,1,26.1163944,0.544924154,8236484,0.29,994,baja
Bad Bunny,reggaeton,CDMX,Mexico,club,1958,11,Thursday,79,52946,4542,95,0.7,1355,1,0,27.04085802,2.319713994,5029870,0.75,1468,media
Adele,pop,Monterrey,Mexico,theater,4457,11,Saturday,177,81826,2092,95,0.7,2371,0.92,1,18.35898586,0.469374018,7773470,0.4,1783,baja
Dua Lipa,pop,Madrid,España,stadium,61937,12,Monday,131,1371727,2247,93,0.7,38196,0.9,0,22.14713338,0.036278799,127570611,0.95,58840,alta
BTS,kpop,CDMX,Mexico,stadium,39822,2,Monday,77,963688,4021,99,0.95,37825,1,0,24.19988951,0.100974336,95405112,0.93,37034,alta
The Weeknd,pop,Madrid,España,arena,13027,11,Wednesday,24,148436,3576,96,0.9,8523,0.9,0,11.39448837,0.274506794,14249856,0.87,11333,alta
The Weeknd,pop,Los Angeles,Estados Unidos,festival,77125,7,Sunday,20,1752132,2749,96,0.9,41788,0.95,0,22.71808104,0.035643436,168204672,0.79,60929,alta
Kendrick Lamar,rap,Monterrey,Mexico,theater,8805,10,Monday,80,249441,2317,95,0.7,4153,0.92,0,28.32947189,0.26314594,23696895,0.33,2906,baja
Kendrick Lamar,rap,Madrid,España,arena,16057,3,Thursday,145,388510,3591,95,0.7,8589,0.9,0,24.1956779,0.22364078,36908450,0.68,10919,media
aespa,kpop,Los Angeles,Estados Unidos,club,2233,5,Monday,42,47913,4249,90,0.7,1250,0.95,0,21.45678459,1.902821317,4312170,0.7,1563,media
Los Tigres del Norte,norteno,Leon,Mexico,stadium,71620,12,Friday,25,1113125,3640,92,0.74,29134,0.78,1,15.54209718,0.050823792,102407500,0.84,60161,alta
Arctic Monkeys,rock,Leon,Mexico,stadium,69918,9,Sunday,52,1417873,3946,92,0.7,25031,0.78,0,20.27908407,0.056437541,130444316,0.82,57333,alta
Martin Garrix,electronica,Madrid,España,club,2480,9,Thursday,28,73166,4273,92,0.7,1474,0.9,0,29.50241935,1.722983871,6731272,0.74,1835,media
Stray Kids,kpop,CDMX,Mexico,stadium,63629,7,Tuesday,36,949831,3428,91,0.7,44300,1,0,14.92764306,0.053874806,86434621,0.97,61720,alta
Karol G,reggaeton,Seul,Desconocido,theater,9188,2,Monday,24,229967,3933,94,0.7,4288,0.8,0,25.02905964,0.428058337,21616898,0.41,3767,baja
Kendrick Lamar,rap,Bogota,Colombia,festival,73943,6,Thursday,56,1533641,28912,95,0.7,31469,0.88,0,20.74085444,0.391003881,145695895,0.82,60633,alta
Adele,pop,Monterrey,Mexico,theater,9083,10,Thursday,1,92691,1687,95,0.7,4293,0.92,0,10.20488825,0.185731586,8805645,0.62,5631,media
Imagine Dragons,rock,Los Angeles,Estados Unidos,stadium,75566,3,Thursday,6,1017245,1960,94,0.7,31095,0.95,0,13.46167589,0.025937591,95621030,0.79,59697,alta
Banda MS,banda,Guadalajara,Mexico,theater,3187,9,Wednesday,71,64510,29741,89,0.7,1939,0.92,0,20.24160653,9.331973643,5741390,0.52,1657,baja
aespa,kpop,Bogota,Colombia,club,2963,7,Friday,177,57223,4273,90,0.7,1155,0.88,1,19.31252109,1.442119474,5150070,0.29,859,baja
Arctic Monkeys,rock,Leon,Mexico,festival,74404,1,Friday,120,1837059,1851,92,0.7,33990,0.78,1,24.69032579,0.024877695,169009428,0.89,66220,alta
Fuerza Regida,regional_mexicano,Leon,Mexico,theater,3039,3,Thursday,32,56544,3270,88,0.7,1129,0.78,0,18.60612043,1.076011846,4975872,0.33,1003,baja
BLACKPINK,kpop,Bogota,Colombia,theater,9640,9,Friday,84,166672,3577,98,0.7,5234,0.88,1,17.28962656,0.371058091,16333856,0.68,6555,media
TWICE,kpop,Guadalajara,Mexico,arena,14965,3,Saturday,54,423612,4003,92,0.84,10035,0.92,1,28.30684932,0.267490812,38972304,0.91,13618,alta
Travis Scott,rap,Bogota,Colombia,festival,69284,12,Friday,46,1402224,2273,93,0.7,40620,0.88,1,20.23878529,0.032806997,130406832,0.94,65127,alta
Peso Pluma,regional_mexicano,CDMX,Mexico,stadium,75332,7,Sunday,23,1318622,4480,93,0.58,30187,1,0,17.50414167,0.059470079,122631846,0.83,62526,alta
Arctic Monkeys,rock,Monterrey,Mexico,festival,78328,7,Wednesday,111,1893019,4039,92,0.7,30395,0.92,0,24.16784547,0.051565213,174157748,0.79,61879,alta
Fuerza Regida,regional_mexicano,Los Angeles,Estados Unidos,stadium,33052,4,Friday,27,763809,3555,88,0.7,13764,0.95,1,23.1093126,0.107557788,67215192,0.59,19501,media
Natanael Cano,corridos,Leon,Mexico,festival,70046,2,Saturday,36,1959537,3186,87,0.7,35104,0.78,1,27.97500214,0.045484396,170479719,0.95,66544,alta
Clairo,indie,Monterrey,Mexico,club,2989,7,Saturday,112,36883,3045,80,0.7,1607,0.92,1,12.33957845,1.018735363,2950640,0.51,1524,baja
David Guetta,electronica,Los Angeles,Estados Unidos,arena,22606,2,Tuesday,97,359701,2752,93,0.82,15048,0.95,0,15.91174909,0.121737592,33452193,0.9,20345,alta
Calvin Harris,electronica,Seul,Desconocido,arena,15980,5,Sunday,29,468961,2399,94,0.7,7741,0.8,0,29.34674593,0.150125156,44082334,0.69,11026,media
Los Tigres del Norte,norteno,Seul,Desconocido,stadium,79812,4,Sunday,176,1244694,39097,92,0.74,41263,0.8,0,15.59532401,0.48986368,114511848,0.91,72629,alta
Post Malone,rap,Queretaro,Mexico,stadium,34539,1,Saturday,10,860492,3371,92,0.7,13295,0.82,1,24.91363386,0.097599815,79165264,0.6,20723,media
Arctic Monkeys,rock,Guadalajara,Mexico,club,1906,8,Friday,178,31338,3273,92,0.7,1199,0.92,1,16.44176285,1.717208814,2883096,0.52,991,baja
Adele,pop,Seul,Desconocido,theater,9293,4,Saturday,15,200946,2870,95,0.7,4145,0.8,1,21.62337243,0.308834607,19089870,0.65,6040,media
Bad Bunny,reggaeton,Bogota,Colombia,stadium,49123,2,Sunday,63,801427,2384,95,0.7,23642,0.88,0,16.31469984,0.048531238,76135565,0.86,42246,alta
NewJeans,kpop,Monterrey,Mexico,club,650,11,Wednesday,104,13238,39889,93,0.7,344,0.92,0,20.36615385,61.36769231,1231134,0.41,266,baja
TWICE,kpop,Los Angeles,Estados Unidos,arena,18101,9,Monday,97,190857,3854,92,0.84,8919,0.95,0,10.54400309,0.212916413,17558844,0.8,14481,alta
aespa,kpop,Bogota,Colombia,theater,7277,7,Wednesday,180,170690,2924,90,0.7,2924,0.88,0,23.45609454,0.401813934,15362100,0.3,2183,baja
TWICE,kpop,Los Angeles,Estados Unidos,arena,14467,10,Monday,53,247481,4040,92,0.84,10431,0.95,0,17.10658741,0.279256238,22768252,0.92,13310,alta
BLACKPINK,kpop,Bogota,Colombia,stadium,51212,6,Thursday,105,929277,4360,98,0.7,21247,0.88,0,18.14568851,0.085136296,91069146,0.8,40970,alta
Girl Ultra,indie,Monterrey,Mexico,arena,20037,1,Saturday,173,580411,3498,78,0.7,9274,0.92,1,28.96696112,0.174577032,45272058,0.43,8616,baja
Coldplay,rock,Queretaro,Mexico,arena,23291,8,Tuesday,78,525055,31932,96,0.7,9759,0.82,0,22.54325705,1.371001674,50405280,0.61,14208,media
Clairo,indie,Los Angeles,Estados Unidos,arena,10526,4,Saturday,148,224386,2954,80,0.7,4621,0.95,1,21.31730952,0.280638419,17950880,0.37,3895,baja
Cuco,indie,Queretaro,Mexico,theater,4625,12,Tuesday,93,138587,3235,82,0.7,1698,0.82,0,29.96475676,0.699459459,11364134,0.34,1572,baja
Bad Bunny,reggaeton,Los Angeles,Estados Unidos,theater,6781,12,Tuesday,103,194256,2072,95,0.7,3470,0.95,0,28.6471022,0.305559652,18454320,0.64,4340,media
Kendrick Lamar,rap,CDMX,Mexico,theater,9428,5,Tuesday,98,224680,3492,95,0.7,6104,1,0,23.83114128,0.370386084,21344600,0.72,6788,media
Peso Pluma,regional_mexicano,Monterrey,Mexico,club,744,5,Thursday,56,10618,4293,93,0.58,289,0.92,0,14.27150538,5.77016129,987474,0.34,253,baja
Travis Scott,rap,Seul,Desconocido,festival,47639,12,Tuesday,53,857949,2772,93,0.7,22450,0.8,0,18.00938307,0.058187619,79789257,0.68,32395,media
BLACKPINK,kpop,Queretaro,Mexico,stadium,64775,5,Thursday,176,1583846,4885,98,0.7,31490,0.82,0,24.45150135,0.075414898,155216908,0.88,57002,alta
Martin Garrix,electronica,Monterrey,Mexico,festival,69258,4,Wednesday,53,1651410,3076,92,0.7,38927,0.92,0,23.84432123,0.044413642,151929720,0.91,63025,alta
Los Tigres del Norte,norteno,Los Angeles,Estados Unidos,festival,65840,11,Wednesday,156,1902408,38331,92,0.74,45630,0.95,0,28.89441069,0.582184083,175021536,0.96,63206,alta
Ed Sheeran,pop,Seul,Desconocido,club,1048,8,Friday,9,16447,3853,94,0.7,540,0.8,1,15.69370229,3.676526718,1546018,0.47,493,baja
BTS,kpop,Madrid,España,arena,22773,9,Wednesday,172,445029,33728,99,0.95,14394,0.9,0,19.54195758,1.481052123,44057871,0.83,18902,alta
Martin Garrix,electronica,Seul,Desconocido,festival,45809,9,Tuesday,152,1315249,2341,92,0.7,15672,0.8,0,28.71158506,0.051103495,121002908,0.57,26111,media
Imagine Dragons,rock,Queretaro,Mexico,arena,20033,3,Wednesday,78,310335,1898,94,0.7,8302,0.82,0,15.49118954,0.094743673,29171490,0.33,6611,baja
Martin Garrix,electronica,CDMX,Mexico,club,1425,7,Thursday,156,35440,3623,92,0.7,842,1,0,24.87017544,2.54245614,3260480,0.43,613,baja
Clairo,indie,Seul,Desconocido,club,1740,9,Saturday,81,50613,20199,80,0.7,525,0.8,1,29.08793103,11.60862069,4049040,0.27,470,baja
TWICE,kpop,Madrid,España,festival,84636,6,Thursday,75,1297405,2365,92,0.84,51412,0.9,0,15.32923342,0.027943192,119361260,0.88,74480,alta
Clairo,indie,Seul,Desconocido,theater,3287,1,Saturday,176,54268,2269,80,0.7,1353,0.8,1,16.50988744,0.690295102,4341440,0.43,1413,baja
NewJeans,kpop,CDMX,Mexico,festival,48330,12,Friday,37,1239542,3163,93,0.7,25183,1,1,25.64746534,0.065445893,115277406,0.85,41080,alta
Adele,pop,Queretaro,Mexico,arena,21400,1,Wednesday,20,293604,3365,95,0.7,11633,0.82,0,13.71981308,0.157242991,27892380,0.73,15622,media
Clairo,indie,Leon,Mexico,stadium,58777,12,Friday,62,1185577,3714,80,0.7,17920,0.78,1,20.17076407,0.063187982,94846160,0.28,16458,baja
Cuco,indie,Los Angeles,Estados Unidos,theater,9300,8,Sunday,154,159377,2798,82,0.7,3468,0.95,0,17.13731183,0.300860215,13068914,0.27,2511,baja
Kendrick Lamar,rap,Bogota,Colombia,arena,17880,7,Thursday,74,370418,1710,95,0.7,10230,0.88,0,20.71689038,0.095637584,35189710,0.72,12874,media
Grupo Firme,banda,Leon,Mexico,festival,68670,12,Thursday,67,1654673,3186,90,0.78,32825,0.78,0,24.0960099,0.046395806,148920570,0.88,60430,alta
Los Tigres del Norte,norteno,Guadalajara,Mexico,club,735,4,Saturday,93,19159,1707,92,0.74,442,0.92,1,26.06666667,2.32244898,1762628,0.71,522,media
Peso Pluma,regional_mexicano,Guadalajara,Mexico,theater,5433,1,Wednesday,78,55309,1584,93,0.58,2280,0.92,0,10.1801951,0.291551629,5143737,0.38,2065,baja
Martin Garrix,electronica,Guadalajara,Mexico,festival,37092,2,Tuesday,159,594512,3416,92,0.7,16721,0.92,0,16.02803839,0.092095331,54695104,0.61,22626,media
Stray Kids,kpop,Madrid,España,club,2869,10,Sunday,176,28883,1393,91,0.7,1675,0.9,0,10.06727083,0.48553503,2628353,0.5,1434,baja
Girl Ultra,indie,Los Angeles,Estados Unidos,festival,51959,4,Sunday,165,785028,3104,78,0.7,27214,0.95,0,15.10860486,0.05973941,61232184,0.74,38450,media
Taylor Swift,pop,Los Angeles,Estados Unidos,festival,81863,11,Tuesday,76,1971462,2751,98,0.7,51356,0.95,0,24.08245483,0.033604925,193203276,0.92,75314,alta
Bad Bunny,reggaeton,Seul,Desconocido,club,1087,5,Sunday,37,22560,2463,95,0.7,447,0.8,0,20.75436983,2.265869365,2143200,0.33,359,baja
Cuco,indie,Leon,Mexico,club,816,5,Sunday,8,11389,35581,82,0.7,335,0.78,0,13.95710784,43.60416667,933898,0.43,351,baja
Martin Garrix,electronica,Guadalajara,Mexico,festival,73231,8,Wednesday,173,1535498,3105,92,0.7,35250,0.92,0,20.9678688,0.042400076,141265816,0.85,62246,alta
Arctic Monkeys,rock,Madrid,España,stadium,36460,9,Sunday,37,1026516,3206,92,0.7,14607,0.9,0,28.15458036,0.08793198,94439472,0.58,21147,media
Clairo,indie,Queretaro,Mexico,club,2992,10,Monday,89,64807,2892,80,0.7,1460,0.82,0,21.66009358,0.96657754,5184560,0.53,1586,baja
Cuco,indie,Leon,Mexico,club,2650,12,Sunday,120,52706,1435,82,0.7,844,0.78,0,19.8890566,0.541509434,4321892,0.29,768,baja
BLACKPINK,kpop,Seul,Desconocido,club,2545,2,Sunday,126,49924,4692,98,0.7,1505,0.8,0,19.61650295,1.843614931,4892552,0.54,1374,baja
Coldplay,rock,Queretaro,Mexico,stadium,47788,8,Saturday,130,958103,2027,96,0.7,22402,0.82,1,20.04902904,0.042416506,91977888,0.87,41576,alta
Natanael Cano,corridos,Monterrey,Mexico,arena,12654,7,Monday,38,133413,36098,87,0.7,5199,0.92,0,10.54314841,2.8526948,11606931,0.31,3923,baja
Stray Kids,kpop,Monterrey,Mexico,arena,16810,10,Wednesday,23,404818,3700,91,0.7,8806,0.92,0,24.08197501,0.220107079,36838438,0.68,11431,media
Ariana Grande,pop,Bogota,Colombia,stadium,74054,9,Monday,66,1085191,4166,95,0.88,56813,0.88,0,14.65404975,0.056256245,103093145,0.95,70351,alta
Ed Sheeran,pop,Los Angeles,Estados Unidos,arena,20989,12,Monday,91,328879,2384,94,0.7,12851,0.95,0,15.66911239,0.113583306,30914626,0.72,15112,media
Drake,rap,Queretaro,Mexico,club,2390,5,Monday,83,63702,2231,94,0.86,1605,0.82,0,26.65355649,0.933472803,5987988,0.74,1769,media
BTS,kpop,Bogota,Colombia,club,1871,10,Friday,67,26901,1591,99,0.95,1466,0.88,1,14.3778728,0.850347408,2663199,0.91,1703,alta
Martin Garrix,electronica,Los Angeles,Estados Unidos,stadium,40986,2,Monday,55,734469,2652,92,0.7,24110,0.95,0,17.91999707,0.064705021,67571148,0.91,37297,alta
NewJeans,kpop,Queretaro,Mexico,theater,5144,11,Thursday,29,144095,2745,93,0.7,2834,0.82,0,28.01224728,0.533631415,13400835,0.5,2572,baja
Dua Lipa,pop,Queretaro,Mexico,festival,48568,2,Tuesday,117,1307834,3586,93,0.7,19765,0.82,0,26.92789491,0.073834624,121628562,0.83,40311,alta
Imagine Dragons,rock,Los Angeles,Estados Unidos,club,616,7,Thursday,36,16877,2957,94,0.7,335,0.95,0,27.39772727,4.800324675,1586438,0.4,246,baja
Dua Lipa,pop,Bogota,Colombia,club,2557,8,Thursday,7,69448,3063,93,0.7,1098,0.88,0,27.15995307,1.19788815,6458664,0.61,1560,media
Kendrick Lamar,rap,Seul,Desconocido,arena,21459,4,Tuesday,144,387805,23201,95,0.7,12494,0.8,0,18.07190456,1.08117806,36841475,0.78,16738,media
Kendrick Lamar,rap,Madrid,España,festival,35881,1,Wednesday,170,522783,2062,95,0.7,23082,0.9,0,14.56991165,0.057467741,49664385,0.96,34446,alta
Travis Scott,rap,Madrid,España,club,2447,12,Friday,133,68728,3588,93,0.7,957,0.9,1,28.0866367,1.466285247,6391704,0.26,636,baja
Los Tigres del Norte,norteno,Queretaro,Mexico,arena,15292,1,Friday,147,207765,3300,92,0.74,8259,0.82,1,13.58651583,0.215799111,19114380,0.72,11010,media
Siddhartha,indie,Guadalajara,Mexico,club,2848,6,Wednesday,72,65157,2877,85,0.7,1662,0.92,0,22.87816011,1.010182584,5538345,0.53,1509,baja
Dua Lipa,pop,CDMX,Mexico,arena,21004,2,Saturday,70,416058,2901,93,0.7,9999,1,1,19.80851266,0.138116549,38693394,0.6,12602,media
Ed Sheeran,pop,Leon,Mexico,festival,44307,1,Friday,19,709264,3628,94,0.7,20593,0.78,1,16.00794457,0.081883224,66670816,0.68,30129,media
Imagine Dragons,rock,CDMX,Mexico,arena,14902,2,Sunday,94,337256,4526,94,0.7,10413,1,0,22.63159307,0.303717622,31702064,0.76,11326,media
Grupo Firme,banda,Monterrey,Mexico,theater,3566,12,Monday,6,51398,28501,90,0.78,1532,0.92,0,14.41334829,7.992428491,4625820,0.26,927,baja
BLACKPINK,kpop,Seul,Desconocido,festival,75964,4,Tuesday,31,2196709,4374,98,0.7,40182,0.8,0,28.91776368,0.057579906,215277482,0.92,69887,alta
Stray Kids,kpop,CDMX,Mexico,club,1567,12,Sunday,175,42141,2492,91,0.7,782,1,0,26.89278877,1.590299936,3834831,0.34,533,baja
Travis Scott,rap,Leon,Mexico,festival,96756,8,Tuesday,144,1496784,4638,93,0.7,52372,0.78,0,15.4696763,0.047935012,139200912,0.96,92886,alta
TWICE,kpop,Seul,Desconocido,club,1290,5,Monday,11,14701,2845,92,0.84,867,0.8,0,11.39612403,2.205426357,1352492,0.77,993,media
Cuco,indie,Madrid,España,arena,23172,4,Saturday,47,452422,29805,82,0.7,12867,0.9,1,19.52451234,1.286250647,37098604,0.77,17842,media
Los Tigres del Norte,norteno,Seul,Desconocido,club,1807,6,Friday,3,18698,3519,92,0.74,850,0.8,1,10.34753735,1.947426674,1720216,0.39,705,baja
Travis Scott,rap,Monterrey,Mexico,arena,19370,2,Tuesday,86,256206,1614,93,0.7,12041,0.92,0,13.22694889,0.083324729,23827158,0.75,14528,media
Cuco,indie,Queretaro,Mexico,arena,10855,4,Monday,131,254586,2013,82,0.7,5263,0.82,0,23.45333947,0.185444496,20876052,0.5,5428,baja
Cuco,indie,Seul,Desconocido,arena,23360,4,Sunday,147,683289,2410,82,0.7,8513,0.8,0,29.25038527,0.103167808,56029698,0.35,8176,baja
Arctic Monkeys,rock,Madrid,España,stadium,41620,5,Thursday,88,830864,3143,92,0.7,24678,0.9,0,19.96309467,0.075516579,76439488,0.74,30799,media
Travis Scott,rap,Bogota,Colombia,arena,21777,11,Saturday,63,421724,4111,93,0.7,8317,0.88,1,19.36556918,0.18877715,39220332,0.57,12413,media
Girl Ultra,indie,Madrid,España,club,1515,10,Monday,6,40982,3384,78,0.7,684,0.9,0,27.05082508,2.233663366,3196596,0.43,651,baja
Ed Sheeran,pop,Monterrey,Mexico,theater,5844,12,Sunday,44,78147,2906,94,0.7,2666,0.92,0,13.37217659,0.497262149,7345818,0.61,3565,media
Ariana Grande,pop,CDMX,Mexico,stadium,32500,5,Tuesday,138,889068,4340,95,0.88,19135,1,0,27.35593846,0.133538462,84461460,0.81,26325,alta
aespa,kpop,Queretaro,Mexico,club,2201,6,Monday,59,48158,1960,90,0.7,778,0.82,0,21.88005452,0.890504316,4334220,0.27,594,baja
Ariana Grande,pop,Queretaro,Mexico,festival,41684,8,Friday,25,894338,37817,95,0.88,27527,0.82,1,21.45518664,0.907230592,84962110,0.92,38349,alta
TWICE,kpop,Los Angeles,Estados Unidos,festival,36762,6,Tuesday,50,580167,3664,92,0.84,21671,0.95,0,15.78170393,0.099668136,53375364,0.85,31248,alta
Stray Kids,kpop,Leon,Mexico,theater,3601,12,Monday,168,78309,3509,91,0.7,1747,0.78,0,21.74645932,0.974451541,7126119,0.47,1692,baja
Martin Garrix,electronica,Monterrey,Mexico,arena,14649,10,Sunday,61,318388,3496,92,0.7,5897,0.92,0,21.73445286,0.238651102,29291696,0.57,8350,media
The Weeknd,pop,Guadalajara,Mexico,festival,48835,7,Saturday,175,1021310,4299,96,0.9,30739,0.92,1,20.91348418,0.088031125,98045760,0.85,41510,alta
Karol G,reggaeton,Madrid,España,club,752,2,Tuesday,8,15678,1478,94,0.7,398,0.9,0,20.84840426,1.965425532,1473732,0.68,511,media
Cuco,indie,Monterrey,Mexico,stadium,34849,9,Monday,33,596570,2096,82,0.7,18510,0.92,0,17.11871216,0.060145198,48918740,0.73,25440,media
Drake,rap,Seul,Desconocido,stadium,46558,2,Saturday,120,952021,3353,94,0.86,23890,0.8,1,20.44806478,0.072017698,89489974,0.85,39574,alta
Karol G,reggaeton,Bogota,Colombia,stadium,54177,1,Tuesday,53,560580,1700,94,0.7,29227,0.88,0,10.3471953,0.031378629,52694520,0.9,48759,alta
Clairo,indie,Queretaro,Mexico,stadium,49906,10,Tuesday,118,986966,3390,80,0.7,24033,0.82,0,19.77649982,0.067927704,78957280,0.75,37430,media
Coldplay,rock,Guadalajara,Mexico,festival,96558,6,Saturday,127,1587019,1621,96,0.7,55346,0.92,1,16.43591417,0.016787837,152353824,0.9,86902,alta
Peso Pluma,regional_mexicano,Los Angeles,Estados Unidos,theater,7002,2,Sunday,129,70964,3695,93,0.58,2708,0.95,0,10.13481862,0.52770637,6599652,0.32,2241,baja
Peso Pluma,regional_mexicano,CDMX,Mexico,stadium,53134,10,Tuesday,96,860189,2351,93,0.58,18944,1,0,16.18905033,0.044246622,79997577,0.57,30286,media
Cuco,indie,Bogota,Colombia,festival,86240,11,Friday,62,1247253,1284,82,0.7,45371,0.88,1,14.46258117,0.014888683,102274746,0.95,81928,alta
Bad Bunny,reggaeton,Leon,Mexico,club,2859,3,Tuesday,169,63959,4646,95,0.7,978,0.78,0,22.37110878,1.625043722,6076105,0.26,743,baja
Clairo,indie,Queretaro,Mexico,festival,95651,3,Tuesday,171,2517315,3707,80,0.7,45839,0.82,0,26.31770708,0.038755476,201385200,0.95,90868,alta
Adele,pop,Madrid,España,theater,4581,1,Sunday,20,56701,4288,95,0.7,2435,0.9,0,12.37742851,0.936040166,5386595,0.68,3115,media
Arctic Monkeys,rock,Monterrey,Mexico,stadium,31734,8,Friday,93,430493,1603,92,0.7,20166,0.92,1,13.56567089,0.050513645,39605356,0.77,24435,media
aespa,kpop,CDMX,Mexico,festival,65285,8,Saturday,105,1516388,2593,90,0.7,41518,1,1,23.2272038,0.039718159,136474920,0.93,60715,alta
Karol G,reggaeton,Seul,Desconocido,stadium,61281,1,Sunday,128,1611974,2213,94,0.7,35454,0.8,0,26.30462949,0.036112335,151525556,0.97,59443,alta
David Guetta,electronica,Guadalajara,Mexico,festival,55774,5,Friday,33,719180,1696,93,0.82,31610,0.92,1,12.89453867,0.030408434,66883740,0.85,47408,alta
Stray Kids,kpop,Guadalajara,Mexico,arena,24746,2,Sunday,12,258529,2299,91,0.7,14433,0.92,0,10.44730461,0.092903904,23526139,0.73,18065,media
Banda MS,banda,Madrid,España,stadium,76922,3,Thursday,100,1000934,2033,89,0.7,35836,0.9,0,13.01232417,0.02642937,89083126,0.86,66153,alta
Martin Garrix,electronica,Madrid,España,arena,16636,3,Friday,69,223305,2749,92,0.7,8350,0.9,1,13.42299832,0.165244049,20544060,0.67,11146,media
Cuco,indie,Los Angeles,Estados Unidos,club,1539,9,Saturday,64,40114,2830,82,0.7,782,0.95,1,26.06497726,1.8388564,3289348,0.44,677,baja
TWICE,kpop,Monterrey,Mexico,stadium,68350,1,Saturday,61,1273676,2099,92,0.84,50692,0.92,1,18.63461595,0.030709583,117178192,0.95,64932,alta
Post Malone,rap,CDMX,Mexico,club,1352,7,Sunday,139,15382,3412,92,0.7,952,1,0,11.37721893,2.523668639,1415144,0.55,744,baja
Cuco,indie,Los Angeles,Estados Unidos,theater,6277,7,Friday,175,170733,1294,82,0.7,3408,0.95,1,27.19977696,0.206149434,14000106,0.48,3013,baja
Imagine Dragons,rock,Madrid,España,theater,4564,7,Thursday,170,62660,2415,94,0.7,2265,0.9,0,13.72918493,0.529141104,5890040,0.38,1734,baja
TWICE,kpop,Madrid,España,festival,34329,9,Friday,152,715799,2630,92,0.84,20047,0.9,1,20.85114626,0.076611611,65853508,0.87,29866,alta
Martin Garrix,electronica,Monterrey,Mexico,stadium,34033,7,Wednesday,82,892792,3475,92,0.7,19799,0.92,0,26.23312667,0.102106779,82136864,0.72,24504,media
Clairo,indie,Los Angeles,Estados Unidos,club,1421,12,Wednesday,78,36698,2218,80,0.7,573,0.95,0,25.82547502,1.560872625,2935840,0.32,455,baja
Girl Ultra,indie,Seul,Desconocido,theater,7974,10,Monday,54,184488,25438,78,0.7,2437,0.8,0,23.13619263,3.190117883,14390064,0.28,2233,baja
BLACKPINK,kpop,Leon,Mexico,club,1024,9,Thursday,66,18859,1923,98,0.7,444,0.78,0,18.41699219,1.877929688,1848182,0.36,369,baja
TWICE,kpop,Los Angeles,Estados Unidos,stadium,41224,6,Friday,123,625184,2472,92,0.84,23584,0.95,1,15.16553464,0.059965069,57516928,0.84,34628,alta
Calvin Harris,electronica,Queretaro,Mexico,club,746,11,Wednesday,129,11542,3873,94,0.7,315,0.82,0,15.47184987,5.191689008,1084948,0.34,254,baja
Stray Kids,kpop,CDMX,Mexico,festival,82302,8,Tuesday,34,2310427,4068,91,0.7,39588,1,0,28.07254988,0.049427717,210248857,0.83,68311,alta
Drake,rap,Guadalajara,Mexico,festival,93805,11,Sunday,115,2127019,1450,94,0.86,46669,0.92,0,22.67490006,0.015457598,199939786,0.8,75044,alta
Grupo Firme,banda,Seul,Desconocido,club,1303,11,Wednesday,88,33457,1848,90,0.78,482,0.8,0,25.67689946,1.418265541,3011130,0.26,339,baja
Adele,pop,Guadalajara,Mexico,stadium,71692,8,Monday,127,1410037,2581,95,0.7,48005,0.92,0,19.66798248,0.036001227,133953515,0.97,69541,alta
aespa,kpop,Madrid,España,festival,95094,10,Wednesday,106,2713903,32456,90,0.7,45426,0.9,0,28.53916125,0.341304394,244251270,0.87,82732,alta
Kendrick Lamar,rap,Los Angeles,Estados Unidos,festival,90409,11,Friday,81,2485453,2567,95,0.7,47003,0.95,1,27.49121216,0.028393191,236118035,0.86,77752,alta
Banda MS,banda,Leon,Mexico,stadium,70974,2,Friday,139,1973853,4154,89,0.7,32966,0.78,1,27.81093076,0.058528475,175672917,0.91,64586,alta
NewJeans,kpop,Madrid,España,arena,18905,7,Tuesday,41,309029,3703,93,0.7,8288,0.9,0,16.34641629,0.195874107,28739697,0.61,11532,media
Cuco,indie,Los Angeles,Estados Unidos,club,885,4,Monday,170,13266,2433,82,0.7,520,0.95,0,14.98983051,2.749152542,1087812,0.53,469,baja
BTS,kpop,Seul,Desconocido,arena,20069,9,Sunday,5,392796,3303,99,0.95,15158,0.8,0,19.57227565,0.164582191,38886804,0.93,18664,alta
Coldplay,rock,Guadalajara,Mexico,club,1268,8,Thursday,3,16042,3988,96,0.7,541,0.92,0,12.65141956,3.14511041,1540032,0.28,355,baja
Ariana Grande,pop,Guadalajara,Mexico,theater,4740,8,Saturday,108,81485,4113,95,0.88,3055,0.92,1,17.19092827,0.867721519,7741075,0.65,3081,media
Adele,pop,Queretaro,Mexico,arena,22154,2,Saturday,39,228354,4509,95,0.7,12631,0.82,1,10.30757425,0.203529837,21693630,0.75,16616,media
Travis Scott,rap,Guadalajara,Mexico,festival,43751,11,Saturday,14,495806,21008,93,0.7,28172,0.92,1,11.33244954,0.480171882,46109958,0.96,42001,alta
Stray Kids,kpop,Guadalajara,Mexico,arena,16531,4,Friday,88,452961,2413,91,0.7,8335,0.92,1,27.40070171,0.145968181,41219451,0.66,10910,media
Martin Garrix,electronica,Seul,Desconocido,festival,92272,7,Tuesday,45,2044005,1768,92,0.7,44022,0.8,0,22.15195292,0.019160742,188048460,0.9,83045,alta
Girl Ultra,indie,Monterrey,Mexico,stadium,48566,11,Monday,128,907488,1583,78,0.7,17691,0.92,0,18.68566487,0.032594819,70784064,0.6,29140,media
Travis Scott,rap,Guadalajara,Mexico,theater,3319,1,Tuesday,147,40022,2293,93,0.7,2179,0.92,0,12.05845134,0.690870744,3722046,0.55,1825,baja
Cuco,indie,Los Angeles,Estados Unidos,club,1167,1,Monday,95,13198,2420,82,0.7,480,0.95,0,11.30934019,2.073693231,1082236,0.32,373,baja
Arctic Monkeys,rock,CDMX,Mexico,arena,18826,1,Wednesday,113,454408,3526,92,0.7,13024,1,0,24.13725699,0.187294168,41805536,0.77,14496,media
Cuco,indie,Guadalajara,Mexico,club,733,4,Saturday,25,14120,2885,82,0.7,365,0.92,1,19.2633015,3.935879945,1157840,0.44,323,baja
Adele,pop,Monterrey,Mexico,arena,21086,11,Thursday,55,464231,4094,95,0.7,11913,0.92,0,22.01607702,0.194157261,44101945,0.69,14549,media
Martin Garrix,electronica,Madrid,España,arena,15932,12,Thursday,47,207485,25747,92,0.7,8133,0.9,0,13.02316093,1.616055737,19088620,0.67,10674,media
Bad Bunny,reggaeton,Guadalajara,Mexico,arena,11961,2,Tuesday,127,198943,1526,95,0.7,5516,0.92,0,16.63263941,0.127581306,18899585,0.61,7296,media
Dua Lipa,pop,Monterrey,Mexico,theater,8823,4,Tuesday,26,191751,3212,93,0.7,3855,0.92,0,21.73308399,0.36404851,17832843,0.6,5294,media
Stray Kids,kpop,Seul,Desconocido,stadium,40296,2,Tuesday,56,1056133,1427,91,0.7,15385,0.8,0,26.20937562,0.035412944,96108103,0.61,24581,media
Dua Lipa,pop,Los Angeles,Estados Unidos,stadium,61470,10,Sunday,41,1287310,4376,93,0.7,27900,0.95,0,20.94208557,0.071189198,119719830,0.82,50405,alta
BLACKPINK,kpop,CDMX,Mexico,festival,51210,2,Sunday,59,1447637,1712,98,0.7,35159,1,0,28.26863894,0.033430971,141868426,0.93,47625,alta
BTS,kpop,CDMX,Mexico,club,2809,10,Tuesday,7,69051,3989,99,0.95,2133,1,0,24.58205767,1.42007832,6836049,0.85,2388,alta
TWICE,kpop,Leon,Mexico,club,2469,4,Wednesday,123,51843,3535,92,0.84,1006,0.78,0,20.99756987,1.431753746,4769556,0.57,1407,media
Peso Pluma,regional_mexicano,Leon,Mexico,club,2964,6,Friday,10,75535,3097,93,0.58,1354,0.78,1,25.48414305,1.044871795,7024755,0.54,1601,baja
Calvin Harris,electronica,Bogota,Colombia,theater,6665,10,Friday,163,108655,2507,94,0.7,4043,0.88,1,16.30232558,0.376144036,10213570,0.75,4999,media
Coldplay,rock,Bogota,Colombia,stadium,44547,7,Wednesday,134,664170,3511,96,0.7,28121,0.88,0,14.90942151,0.078815633,63760320,0.96,42765,alta
Taylor Swift,pop,CDMX,Mexico,stadium,46057,7,Thursday,31,825208,2191,98,0.7,34682,1,0,17.91710272,0.047571488,80870384,0.97,44675,alta
Girl Ultra,indie,Guadalajara,Mexico,festival,60304,5,Saturday,94,1757168,2840,78,0.7,22060,0.92,1,29.13849828,0.04709472,137059104,0.6,36182,media
Arctic Monkeys,rock,Madrid,España,festival,24508,4,Thursday,171,566825,1644,92,0.7,11766,0.9,0,23.12816223,0.067080137,52147900,0.65,15930,media
Arctic Monkeys,rock,Guadalajara,Mexico,arena,14792,3,Sunday,171,370186,38887,92,0.7,8687,0.92,0,25.02609519,2.628921038,34057112,0.48,7100,baja
Ariana Grande,pop,Guadalajara,Mexico,arena,21817,7,Saturday,136,504673,3486,95,0.88,16163,0.92,1,23.13209882,0.159783655,47943935,0.92,20072,alta
Siddhartha,indie,CDMX,Mexico,festival,58250,3,Wednesday,100,900443,34318,85,0.7,24928,1,0,15.45824893,0.589150215,76537655,0.82,47765,alta
Martin Garrix,electronica,Bogota,Colombia,club,580,5,Sunday,6,8932,3863,92,0.7,334,0.88,0,15.4,6.660344828,821744,0.49,284,baja
Stray Kids,kpop,Guadalajara,Mexico,theater,5711,2,Tuesday,96,100187,35443,91,0.7,2513,0.92,0,17.54281212,6.206093504,9117017,0.32,1828,baja
Bad Bunny,reggaeton,CDMX,Mexico,stadium,36239,1,Wednesday,136,534346,2704,95,0.7,18092,1,0,14.74505367,0.074615745,50762870,0.83,30078,alta
Taylor Swift,pop,Leon,Mexico,club,2782,8,Monday,29,72175,2672,98,0.7,1327,0.78,0,25.94356578,0.960460101,7073150,0.41,1141,baja
Peso Pluma,regional_mexicano,Bogota,Colombia,club,2687,5,Wednesday,102,42823,2616,93,0.58,1169,0.88,0,15.93710458,0.973576479,3982539,0.43,1155,baja
David Guetta,electronica,Madrid,España,arena,21541,8,Saturday,144,485938,22988,93,0.82,13469,0.9,1,22.55874843,1.067174226,45192234,0.69,14863,media
Travis Scott,rap,CDMX,Mexico,club,1524,5,Monday,24,38368,4526,93,0.7,686,1,0,25.17585302,2.969816273,3568224,0.58,884,media
Fuerza Regida,regional_mexicano,Leon,Mexico,arena,17359,8,Wednesday,143,474534,3858,88,0.7,8715,0.78,0,27.33648252,0.222247825,41758992,0.51,8853,baja
David Guetta,electronica,CDMX,Mexico,stadium,73479,4,Sunday,18,1999674,3286,93,0.82,43120,1,0,27.21422447,0.04472026,185969682,0.84,61722,alta
Coldplay,rock,Monterrey,Mexico,club,1906,3,Wednesday,40,33357,34460,96,0.7,835,0.92,0,17.50104932,18.07974816,3202272,0.29,553,baja
Travis Scott,rap,Bogota,Colombia,arena,17335,3,Sunday,104,374342,1535,93,0.7,10427,0.88,0,21.59457744,0.088549178,34813806,0.76,13175,media
David Guetta,electronica,Madrid,España,arena,24579,6,Thursday,64,472480,3610,93,0.82,18220,0.9,0,19.22291387,0.146873347,43940640,0.96,23596,alta
Imagine Dragons,rock,Madrid,España,stadium,63349,6,Saturday,167,1774350,4514,94,0.7,38939,0.9,1,28.00912406,0.071256058,166788900,0.95,60182,alta
TWICE,kpop,Leon,Mexico,arena,20428,12,Sunday,125,475556,1405,92,0.84,12490,0.78,0,23.27961621,0.068778148,43751152,0.74,15117,media
Dua Lipa,pop,Bogota,Colombia,club,1550,8,Friday,161,21191,36135,93,0.7,839,0.88,1,13.6716129,23.31290323,1970763,0.45,698,baja
Clairo,indie,Los Angeles,Estados Unidos,theater,6876,6,Saturday,7,193061,2161,80,0.7,3284,0.95,1,28.077516,0.314281559,15444880,0.42,2888,baja
Los Tigres del Norte,norteno,Madrid,España,theater,6926,3,Saturday,54,77852,3603,92,0.74,2925,0.9,1,11.24054288,0.520213688,7162384,0.58,4017,media
NewJeans,kpop,CDMX,Mexico,festival,54305,11,Saturday,106,1440151,1794,93,0.7,29477,1,1,26.5196759,0.033035632,133934043,0.86,46702,alta
Calvin Harris,electronica,Madrid,España,theater,6787,1,Friday,92,90179,2025,94,0.7,3287,0.9,1,13.2870193,0.29836452,8476826,0.36,2443,baja
The Weeknd,pop,Leon,Mexico,festival,51914,11,Friday,26,644509,29913,96,0.9,26830,0.78,1,12.41493624,0.576202951,61872864,0.84,43608,alta
Adele,pop,Los Angeles,Estados Unidos,club,1617,5,Thursday,123,30589,2953,95,0.7,997,0.95,0,18.91713049,1.826221398,2905955,0.47,760,baja
Dua Lipa,pop,Bogota,Colombia,club,1877,6,Thursday,83,24029,3310,93,0.7,939,0.88,0,12.8018114,1.763452318,2234697,0.4,751,baja
Girl Ultra,indie,Guadalajara,Mexico,festival,42855,11,Monday,110,801424,1959,78,0.7,14778,0.92,0,18.70082837,0.045712286,62511072,0.58,24856,media
David Guetta,electronica,Guadalajara,Mexico,festival,82321,12,Saturday,67,1138504,3459,93,0.82,43264,0.92,1,13.83005551,0.04201844,105880872,0.83,68326,alta
Peso Pluma,regional_mexicano,Monterrey,Mexico,arena,12875,11,Thursday,71,211181,2497,93,0.58,6117,0.92,0,16.40240777,0.193941748,19639833,0.45,5794,baja
Girl Ultra,indie,Seul,Desconocido,theater,5912,8,Wednesday,92,95806,1555,78,0.7,1767,0.8,0,16.20534506,0.263024357,7472868,0.27,1596,baja
Martin Garrix,electronica,Seul,Desconocido,stadium,55036,11,Wednesday,32,842114,20796,92,0.7,29291,0.8,0,15.30114834,0.377861763,77474488,0.94,51734,alta
NewJeans,kpop,CDMX,Mexico,festival,24047,6,Thursday,48,414185,1719,93,0.7,13664,1,0,17.22397804,0.071485009,38519205,0.67,16111,media
aespa,kpop,Bogota,Colombia,theater,4616,7,Thursday,160,117164,3890,90,0.7,2217,0.88,0,25.38214905,0.842720971,10544760,0.39,1800,baja
The Weeknd,pop,Bogota,Colombia,arena,19061,2,Monday,21,353299,2394,96,0.9,13284,0.88,0,18.53517654,0.125596768,33916704,0.9,17155,alta
Fuerza Regida,regional_mexicano,Queretaro,Mexico,stadium,48610,2,Thursday,72,1160529,2276,88,0.7,25072,0.82,0,23.87428513,0.046821642,102126552,0.74,35971,media
Calvin Harris,electronica,Queretaro,Mexico,club,1650,11,Wednesday,66,23881,4242,94,0.7,718,0.82,0,14.47333333,2.570909091,2244814,0.35,578,baja
Cuco,indie,Seul,Desconocido,stadium,78207,2,Tuesday,12,1290623,3277,82,0.7,34300,0.8,0,16.50265322,0.04190162,105831086,0.71,55527,media
Siddhartha,indie,Monterrey,Mexico,arena,13122,11,Wednesday,152,231301,3638,85,0.7,6498,0.92,0,17.62696235,0.277244323,19660585,0.42,5511,baja
Peso Pluma,regional_mexicano,Los Angeles,Estados Unidos,festival,31961,1,Wednesday,51,467116,3898,93,0.58,12614,0.95,0,14.61518726,0.12196114,43441788,0.62,19816,media
David Guetta,electronica,Leon,Mexico,club,2072,12,Sunday,120,51653,37525,93,0.82,1288,0.78,0,24.92905405,18.11052124,4803729,0.51,1057,baja
Stray Kids,kpop,Bogota,Colombia,theater,7464,2,Monday,82,206053,2285,91,0.7,4221,0.88,0,27.6062433,0.30613612,18750823,0.49,3657,baja
Ariana Grande,pop,Madrid,España,club,619,7,Tuesday,100,9732,2915,95,0.88,441,0.9,0,15.72213247,4.709208401,924540,0.7,433,media
Los Tigres del Norte,norteno,Seul,Desconocido,club,701,12,Wednesday,79,12466,2992,92,0.74,394,0.8,0,17.7831669,4.268188302,1146872,0.51,358,baja
Imagine Dragons,rock,CDMX,Mexico,stadium,63318,7,Thursday,88,1026251,2405,94,0.7,43342,1,0,16.20788717,0.03798288,96467594,0.95,60152,alta
David Guetta,electronica,Los Angeles,Estados Unidos,festival,61133,4,Sunday,150,1822901,2091,93,0.82,42906,0.95,0,29.81860861,0.034204112,169529793,0.92,56242,alta
Bad Bunny,reggaeton,Leon,Mexico,club,1892,1,Tuesday,62,36579,2634,95,0.7,1008,0.78,0,19.33350951,1.39217759,3475005,0.5,946,baja
Drake,rap,Guadalajara,Mexico,theater,7248,2,Wednesday,92,178650,26981,94,0.86,5196,0.92,0,24.64817881,3.72254415,16793100,0.71,5146,media
Los Tigres del Norte,norteno,Bogota,Colombia,club,1823,6,Monday,124,38725,1762,92,0.74,1044,0.88,0,21.24245749,0.966538673,3562700,0.45,820,baja
Grupo Firme,banda,Madrid,España,theater,5041,2,Monday,76,51414,4127,90,0.78,2957,0.9,0,10.19916683,0.818686768,4627260,0.7,3529,media
Stray Kids,kpop,Guadalajara,Mexico,club,2266,1,Friday,103,60480,3111,91,0.7,1313,0.92,1,26.690203,1.372903795,5503680,0.48,1088,baja
Fuerza Regida,regional_mexicano,CDMX,Mexico,theater,3666,10,Saturday,168,109653,31881,88,0.7,1629,1,1,29.91080196,8.696399345,9649464,0.3,1100,baja
Martin Garrix,electronica,Los Angeles,Estados Unidos,arena,24513,7,Thursday,10,339546,3051,92,0.7,15693,0.95,0,13.85167054,0.12446457,31238232,0.95,23287,alta
Siddhartha,indie,Madrid,España,arena,19729,5,Monday,111,431766,2289,85,0.7,11012,0.9,0,21.88483958,0.116022099,36700110,0.51,10062,baja
BTS,kpop,Leon,Mexico,festival,67744,9,Sunday,60,1428431,4748,99,0.95,32957,0.78,0,21.08571977,0.070087388,141414669,0.8,54195,alta
Grupo Firme,banda,Queretaro,Mexico,stadium,79141,1,Wednesday,25,2318618,3998,90,0.78,46542,0.82,0,29.29730481,0.050517431,208675620,0.94,74393,alta
Ed Sheeran,pop,Los Angeles,Estados Unidos,festival,56740,4,Saturday,105,954352,3908,94,0.7,25111,0.95,1,16.81973916,0.068875573,89709088,0.81,45959,alta
Martin Garrix,electronica,Leon,Mexico,club,2743,5,Saturday,2,77318,2885,92,0.7,1103,0.78,1,28.18738607,1.051768137,7113256,0.35,960,baja
Kendrick Lamar,rap,Leon,Mexico,stadium,65737,9,Monday,112,1728808,2667,95,0.7,33572,0.78,0,26.29885757,0.040570759,164236760,0.92,60478,alta
Fuerza Regida,regional_mexicano,Queretaro,Mexico,club,2979,6,Friday,1,70657,3449,88,0.7,1087,0.82,1,23.71836187,1.157771064,6217816,0.3,894,baja
Los Tigres del Norte,norteno,Monterrey,Mexico,stadium,33147,9,Saturday,118,938522,2690,92,0.74,21137,0.92,1,28.3139349,0.081153649,86344024,0.94,31158,alta
Kendrick Lamar,rap,Los Angeles,Estados Unidos,club,584,2,Tuesday,46,14179,2489,95,0.7,378,0.95,0,24.27910959,4.261986301,1347005,0.74,432,media
Kendrick Lamar,rap,Seul,Desconocido,arena,22626,5,Tuesday,71,640510,2979,95,0.7,10573,0.8,0,28.30858305,0.131662689,60848450,0.67,15159,media
Imagine Dragons,rock,Los Angeles,Estados Unidos,festival,82382,4,Monday,169,1670005,4699,94,0.7,33621,0.95,0,20.27147921,0.057039159,156980470,0.79,65082,alta
David Guetta,electronica,Madrid,España,theater,4868,8,Wednesday,115,137369,4053,93,0.82,2603,0.9,0,28.21877568,0.832580115,12775317,0.62,3018,media
Clairo,indie,Queretaro,Mexico,stadium,59147,1,Thursday,102,1611875,3248,80,0.7,25194,0.82,0,27.25201616,0.054914028,128950000,0.7,41403,media
Arctic Monkeys,rock,Leon,Mexico,theater,9409,3,Thursday,15,215275,3523,92,0.7,5159,0.78,0,22.87968966,0.374428738,19805300,0.54,5081,baja
Calvin Harris,electronica,Madrid,España,theater,8469,4,Monday,146,106496,1903,94,0.7,4686,0.9,0,12.57480222,0.224701854,10010624,0.44,3726,baja
Taylor Swift,pop,Guadalajara,Mexico,club,2491,1,Thursday,177,46957,2937,98,0.7,1206,0.92,0,18.85066238,1.17904456,4601786,0.33,822,baja
NewJeans,kpop,CDMX,Mexico,stadium,53300,2,Monday,135,741397,2031,93,0.7,32453,1,0,13.90988743,0.038105066,68949921,0.9,47970,alta
Los Tigres del Norte,norteno,Bogota,Colombia,theater,5307,6,Wednesday,60,58622,2143,92,0.74,2839,0.88,0,11.04616544,0.403806294,5393224,0.41,2176,baja
The Weeknd,pop,Madrid,España,festival,85341,11,Tuesday,161,1504599,1944,96,0.9,66423,0.9,0,17.63043555,0.022779203,144441504,0.93,79367,alta
Calvin Harris,electronica,Monterrey,Mexico,arena,12416,3,Thursday,20,270990,4245,94,0.7,5247,0.92,0,21.82586985,0.341897552,25473060,0.58,7201,media
Arctic Monkeys,rock,Seul,Desconocido,stadium,51896,10,Wednesday,68,899800,1408,92,0.7,26535,0.8,0,17.3385232,0.027131185,82781600,0.73,37884,media
Bad Bunny,reggaeton,Leon,Mexico,arena,19043,10,Friday,78,429039,2231,95,0.7,8826,0.78,1,22.53001103,0.11715591,40758705,0.68,12949,media
Fuerza Regida,regional_mexicano,Seul,Desconocido,festival,24794,11,Friday,140,434635,3713,88,0.7,13237,0.8,1,17.52984593,0.149753973,38247880,0.54,13389,baja
Girl Ultra,indie,Seul,Desconocido,arena,16735,3,Saturday,34,243596,1282,78,0.7,5876,0.8,1,14.55608007,0.076605916,19000488,0.35,5857,baja
Travis Scott,rap,Los Angeles,Estados Unidos,stadium,36139,2,Monday,57,925682,3913,93,0.7,20890,0.95,0,25.6144885,0.108276377,86088426,0.9,32525,alta
TWICE,kpop,Madrid,España,festival,29005,2,Saturday,10,460457,3766,92,0.84,21574,0.9,1,15.8750905,0.129839683,42362044,0.96,27845,alta
BLACKPINK,kpop,Leon,Mexico,arena,19240,8,Friday,81,376644,2754,98,0.7,7167,0.78,1,19.57609148,0.143139293,36911112,0.58,11159,media
Siddhartha,indie,Bogota,Colombia,arena,22732,7,Monday,84,326868,1538,85,0.7,12757,0.88,0,14.37920113,0.067657927,27783780,0.53,12048,baja
Los Tigres del Norte,norteno,Bogota,Colombia,arena,21705,11,Tuesday,19,347525,2761,92,0.74,12478,0.88,0,16.01128772,0.127205713,31972300,0.71,15411,media
Ed Sheeran,pop,Los Angeles,Estados Unidos,festival,98882,2,Sunday,26,1988200,2292,94,0.7,42064,0.95,0,20.10679396,0.023179143,186890800,0.8,79106,alta
Martin Garrix,electronica,Monterrey,Mexico,stadium,66941,1,Tuesday,106,792526,1756,92,0.7,31151,0.92,0,11.83917181,0.026232055,72912392,0.84,56230,alta
NewJeans,kpop,CDMX,Mexico,arena,19379,1,Friday,165,380362,2501,93,0.7,12221,1,1,19.62753496,0.129057227,35373666,0.72,13953,media
Siddhartha,indie,Guadalajara,Mexico,club,2788,3,Monday,48,63953,3618,85,0.7,1038,0.92,0,22.93866571,1.297704448,5436005,0.27,753,baja
Calvin Harris,electronica,Monterrey,Mexico,theater,7154,3,Wednesday,139,151795,36437,94,0.7,3950,0.92,0,21.21819961,5.093234554,14268730,0.42,3005,baja
Kendrick Lamar,rap,Madrid,España,club,1493,7,Saturday,123,39198,3576,95,0.7,720,0.9,1,26.2545211,2.395177495,3723810,0.35,523,baja
Drake,rap,Leon,Mexico,arena,11792,10,Tuesday,148,315862,1450,94,0.86,6911,0.78,0,26.78612619,0.122964722,29691028,0.7,8254,media
BTS,kpop,Guadalajara,Mexico,festival,89501,11,Sunday,124,904727,31345,99,0.95,51931,0.92,0,10.10856862,0.350219551,89567973,0.8,71601,alta
Ariana Grande,pop,Leon,Mexico,festival,71883,1,Wednesday,45,1390051,1757,95,0.88,48851,0.78,0,19.33768763,0.024442497,132054845,0.95,68289,alta
Ariana Grande,pop,Queretaro,Mexico,arena,14256,4,Saturday,33,220592,1505,95,0.88,10633,0.82,1,15.47362514,0.105569585,20956240,0.97,13828,alta
Los Tigres del Norte,norteno,Queretaro,Mexico,theater,4696,7,Saturday,11,135348,2643,92,0.74,2847,0.82,1,28.82197615,0.562819421,12452016,0.77,3616,media
Grupo Firme,banda,CDMX,Mexico,club,1487,4,Monday,49,37231,2594,90,0.78,1031,1,0,25.03765972,1.744451917,3350790,0.72,1071,media
David Guetta,electronica,Leon,Mexico,club,1311,6,Saturday,86,33718,3834,93,0.82,553,0.78,1,25.71929825,2.924485126,3135774,0.59,773,media
